2026-09-14 15:47:39.225 - RealTimeSTT: realtimestt - INFO - Starting RealTimeSTT
2026-09-14 15:47:39.240 - RealTimeSTT: realtimestt - INFO - Initializing audio recording (creating pyAudio input stream, sample rate: 16000 buffer size: 512
2026-09-14 15:47:39.244 - RealTimeSTT: realtimestt - INFO - Initializing WebRTC voice with Sensitivity 3
2026-09-14 15:47:39.244 - RealTimeSTT: realtimestt - DEBUG - WebRTC VAD voice activity detection engine initialized successfully
2026-09-14 15:51:51.608 - RealTimeSTT: realtimestt - INFO - Starting RealTimeSTT
2026-09-14 15:51:51.616 - RealTimeSTT: realtimestt - INFO - Initializing audio recording (creating pyAudio input stream, sample rate: 16000 buffer size: 512
2026-09-14 15:51:51.620 - RealTimeSTT: realtimestt - INFO - Initializing WebRTC voice with Sensitivity 3
2026-09-14 15:51:51.621 - RealTimeSTT: realtimestt - DEBUG - WebRTC VAD voice activity detection engine initialized successfully
2026-09-14 15:51:52.845 - RealTimeSTT: realtimestt - DEBUG - Silero VAD voice activity detection engine initialized successfully
2026-09-14 15:51:52.846 - RealTimeSTT: realtimestt - DEBUG - Starting realtime worker
2026-09-14 15:51:52.846 - RealTimeSTT: realtimestt - DEBUG - Waiting for main transcription model to start
2026-09-14 15:51:58.265 - RealTimeSTT: realtimestt - DEBUG - Main transcription model ready
2026-09-14 15:51:58.265 - RealTimeSTT: realtimestt - DEBUG - RealtimeSTT initialization completed successfully
2026-09-14 15:51:58.265 - RealTimeSTT: realtimestt - INFO - Setting listen time
2026-09-14 15:51:58.266 - RealTimeSTT: realtimestt - INFO - State changed from 'inactive' to 'listening'
2026-09-14 15:51:58.266 - RealTimeSTT: realtimestt - DEBUG - Waiting for recording start
2026-09-14 15:51:59.063 - RealTimeSTT: realtimestt - INFO - voice activity detected
2026-09-14 15:51:59.065 - RealTimeSTT: realtimestt - INFO - recording started
2026-09-14 15:51:59.065 - RealTimeSTT: realtimestt - INFO - State changed from 'listening' to 'recording'
2026-09-14 15:51:59.065 - RealTimeSTT: realtimestt - DEBUG - Waiting for recording stop
2026-09-14 15:52:00.607 - RealTimeSTT: realtimestt - INFO - recording stopped
2026-09-14 15:52:00.610 - RealTimeSTT: realtimestt - DEBUG - No samples removed, final audio length: 40960
2026-09-14 15:52:00.611 - RealTimeSTT: realtimestt - INFO - State changed from 'recording' to 'inactive'
2026-09-14 15:52:00.612 - RealTimeSTT: realtimestt - INFO - State changed from 'inactive' to 'transcribing'
2026-09-14 15:52:00.612 - RealTimeSTT: realtimestt - DEBUG - Adding transcription request, no early transcription started
2026-09-14 15:52:00.631 - RealTimeSTT: realtimestt - DEBUG - Receive from parent_transcription_pipe after sendiung transcription request, transcribe_count: 1
2026-09-14 15:52:00.737 - RealTimeSTT: realtimestt - DEBUG - Receive from parent_transcription_pipe after sendiung transcription request, transcribe_count: 1
2026-09-14 15:52:00.848 - RealTimeSTT: realtimestt - DEBUG - Receive from parent_transcription_pipe after sendiung transcription request, transcribe_count: 1
2026-09-14 15:52:00.958 - RealTimeSTT: realtimestt - DEBUG - Receive from parent_transcription_pipe after sendiung transcription request, transcribe_count: 1
2026-09-14 15:52:01.068 - RealTimeSTT: realtimestt - DEBUG - Receive from parent_transcription_pipe after sendiung transcription request, transcribe_count: 1
2026-09-14 15:52:01.178 - RealTimeSTT: realtimestt - DEBUG - Receive from parent_transcription_pipe after sendiung transcription request, transcribe_count: 1
2026-09-14 15:52:01.289 - RealTimeSTT: realtimestt - DEBUG - Receive from parent_transcription_pipe after sendiung transcription request, transcribe_count: 1
2026-09-14 15:52:01.400 - RealTimeSTT: realtimestt - DEBUG - Receive from parent_transcription_pipe after sendiung transcription request, transcribe_count: 1
2026-09-14 15:52:01.511 - RealTimeSTT: realtimestt - DEBUG - Receive from parent_transcription_pipe after sendiung transcription request, transcribe_count: 1
2026-09-14 15:52:01.620 - RealTimeSTT: realtimestt - DEBUG - Receive from parent_transcription_pipe after sendiung transcription request, transcribe_count: 1
2026-09-14 15:52:01.731 - RealTimeSTT: realtimestt - DEBUG - Receive from parent_transcription_pipe after sendiung transcription request, transcribe_count: 1
2026-09-14 15:52:01.841 - RealTimeSTT: realtimestt - DEBUG - Receive from parent_transcription_pipe after sendiung transcription request, transcribe_count: 1
2026-09-14 15:52:01.951 - RealTimeSTT: realtimestt - DEBUG - Receive from parent_transcription_pipe after sendiung transcription request, transcribe_count: 1
2026-09-14 15:52:02.061 - RealTimeSTT: realtimestt - DEBUG - Receive from parent_transcription_pipe after sendiung transcription request, transcribe_count: 1
2026-09-14 15:52:02.118 - RealTimeSTT: realtimestt - INFO - State changed from 'transcribing' to 'inactive'
2026-09-14 15:52:02.119 - RealTimeSTT: realtimestt - DEBUG - Model small completed transcription in 1.51 seconds
2026-09-14 15:52:02.119 - RealTimeSTT: realtimestt - INFO - Setting listen time
2026-09-14 15:52:02.119 - RealTimeSTT: realtimestt - INFO - State changed from 'inactive' to 'listening'
2026-09-14 15:52:02.119 - RealTimeSTT: realtimestt - DEBUG - Waiting for recording start
2026-09-14 15:52:04.185 - RealTimeSTT: realtimestt - INFO - voice activity detected
2026-09-14 15:52:04.185 - RealTimeSTT: realtimestt - INFO - recording started
2026-09-14 15:52:04.185 - RealTimeSTT: realtimestt - INFO - State changed from 'listening' to 'recording'
2026-09-14 15:52:04.186 - RealTimeSTT: realtimestt - DEBUG - Waiting for recording stop
2026-09-14 15:52:05.334 - RealTimeSTT: realtimestt - INFO - recording stopped
2026-09-14 15:52:05.334 - RealTimeSTT: realtimestt - DEBUG - No samples removed, final audio length: 34816
2026-09-14 15:52:05.335 - RealTimeSTT: realtimestt - INFO - State changed from 'recording' to 'inactive'
2026-09-14 15:52:05.335 - RealTimeSTT: realtimestt - INFO - State changed from 'inactive' to 'transcribing'
2026-09-14 15:52:05.335 - RealTimeSTT: realtimestt - DEBUG - Adding transcription request, no early transcription started
2026-09-14 15:52:05.353 - RealTimeSTT: realtimestt - DEBUG - Receive from parent_transcription_pipe after sendiung transcription request, transcribe_count: 1
2026-09-14 15:52:05.457 - RealTimeSTT: realtimestt - DEBUG - Receive from parent_transcription_pipe after sendiung transcription request, transcribe_count: 1
2026-09-14 15:52:05.566 - RealTimeSTT: realtimestt - DEBUG - Receive from parent_transcription_pipe after sendiung transcription request, transcribe_count: 1
2026-09-14 15:52:05.676 - RealTimeSTT: realtimestt - DEBUG - Receive from parent_transcription_pipe after sendiung transcription request, transcribe_count: 1
2026-09-14 15:52:05.786 - RealTimeSTT: realtimestt - DEBUG - Receive from parent_transcription_pipe after sendiung transcription request, transcribe_count: 1
2026-09-14 15:52:05.896 - RealTimeSTT: realtimestt - DEBUG - Receive from parent_transcription_pipe after sendiung transcription request, transcribe_count: 1
2026-09-14 15:52:06.005 - RealTimeSTT: realtimestt - DEBUG - Receive from parent_transcription_pipe after sendiung transcription request, transcribe_count: 1
2026-09-14 15:52:06.112 - RealTimeSTT: realtimestt - DEBUG - Receive from parent_transcription_pipe after sendiung transcription request, transcribe_count: 1
2026-09-14 15:52:06.220 - RealTimeSTT: realtimestt - DEBUG - Receive from parent_transcription_pipe after sendiung transcription request, transcribe_count: 1
2026-09-14 15:52:06.329 - RealTimeSTT: realtimestt - DEBUG - Receive from parent_transcription_pipe after sendiung transcription request, transcribe_count: 1
2026-09-14 15:52:06.439 - RealTimeSTT: realtimestt - DEBUG - Receive from parent_transcription_pipe after sendiung transcription request, transcribe_count: 1
2026-09-14 15:52:06.549 - RealTimeSTT: realtimestt - DEBUG - Receive from parent_transcription_pipe after sendiung transcription request, transcribe_count: 1
2026-09-14 15:52:06.658 - RealTimeSTT: realtimestt - DEBUG - Receive from parent_transcription_pipe after sendiung transcription request, transcribe_count: 1
2026-09-14 15:52:06.768 - RealTimeSTT: realtimestt - DEBUG - Receive from parent_transcription_pipe after sendiung transcription request, transcribe_count: 1
2026-09-14 15:52:06.773 - RealTimeSTT: realtimestt - INFO - State changed from 'transcribing' to 'inactive'
2026-09-14 15:52:06.774 - RealTimeSTT: realtimestt - DEBUG - Model small completed transcription in 1.44 seconds
2026-09-14 15:52:06.774 - RealTimeSTT: realtimestt - INFO - Setting listen time
2026-09-14 15:52:06.774 - RealTimeSTT: realtimestt - INFO - State changed from 'inactive' to 'listening'
2026-09-14 15:52:06.774 - RealTimeSTT: realtimestt - DEBUG - Waiting for recording start
2026-09-14 15:52:08.536 - RealTimeSTT: realtimestt - INFO - voice activity detected
2026-09-14 15:52:08.537 - RealTimeSTT: realtimestt - INFO - recording started
2026-09-14 15:52:08.537 - RealTimeSTT: realtimestt - INFO - State changed from 'listening' to 'recording'
2026-09-14 15:52:08.539 - RealTimeSTT: realtimestt - DEBUG - Waiting for recording stop
2026-09-14 15:52:18.134 - RealTimeSTT: realtimestt - INFO - recording stopped
2026-09-14 15:52:18.136 - RealTimeSTT: realtimestt - DEBUG - No samples removed, final audio length: 169984
2026-09-14 15:52:18.137 - RealTimeSTT: realtimestt - INFO - State changed from 'recording' to 'inactive'
2026-09-14 15:52:18.137 - RealTimeSTT: realtimestt - INFO - State changed from 'inactive' to 'transcribing'
2026-09-14 15:52:18.137 - RealTimeSTT: realtimestt - DEBUG - Adding transcription request, no early transcription started
2026-09-14 15:52:18.138 - RealTimeSTT: realtimestt - DEBUG - Receive from parent_transcription_pipe after sendiung transcription request, transcribe_count: 1
2026-09-14 15:52:18.253 - RealTimeSTT: realtimestt - DEBUG - Receive from parent_transcription_pipe after sendiung transcription request, transcribe_count: 1
2026-09-14 15:52:18.363 - RealTimeSTT: realtimestt - DEBUG - Receive from parent_transcription_pipe after sendiung transcription request, transcribe_count: 1
2026-09-14 15:52:18.472 - RealTimeSTT: realtimestt - DEBUG - Receive from parent_transcription_pipe after sendiung transcription request, transcribe_count: 1
2026-09-14 15:52:18.581 - RealTimeSTT: realtimestt - DEBUG - Receive from parent_transcription_pipe after sendiung transcription request, transcribe_count: 1
2026-09-14 15:52:18.689 - RealTimeSTT: realtimestt - DEBUG - Receive from parent_transcription_pipe after sendiung transcription request, transcribe_count: 1
2026-09-14 15:52:18.798 - RealTimeSTT: realtimestt - DEBUG - Receive from parent_transcription_pipe after sendiung transcription request, transcribe_count: 1
2026-09-14 15:52:18.908 - RealTimeSTT: realtimestt - DEBUG - Receive from parent_transcription_pipe after sendiung transcription request, transcribe_count: 1
2026-09-14 15:52:19.017 - RealTimeSTT: realtimestt - DEBUG - Receive from parent_transcription_pipe after sendiung transcription request, transcribe_count: 1
2026-09-14 15:52:19.127 - RealTimeSTT: realtimestt - DEBUG - Receive from parent_transcription_pipe after sendiung transcription request, transcribe_count: 1
2026-09-14 15:52:19.236 - RealTimeSTT: realtimestt - DEBUG - Receive from parent_transcription_pipe after sendiung transcription request, transcribe_count: 1
2026-09-14 15:52:19.346 - RealTimeSTT: realtimestt - DEBUG - Receive from parent_transcription_pipe after sendiung transcription request, transcribe_count: 1
2026-09-14 15:52:19.456 - RealTimeSTT: realtimestt - DEBUG - Receive from parent_transcription_pipe after sendiung transcription request, transcribe_count: 1
2026-09-14 15:52:19.567 - RealTimeSTT: realtimestt - DEBUG - Receive from parent_transcription_pipe after sendiung transcription request, transcribe_count: 1
2026-09-14 15:52:19.675 - RealTimeSTT: realtimestt - DEBUG - Receive from parent_transcription_pipe after sendiung transcription request, transcribe_count: 1
2026-09-14 15:52:19.785 - RealTimeSTT: realtimestt - DEBUG - Receive from parent_transcription_pipe after sendiung transcription request, transcribe_count: 1
2026-09-14 15:52:19.895 - RealTimeSTT: realtimestt - DEBUG - Receive from parent_transcription_pipe after sendiung transcription request, transcribe_count: 1
2026-09-14 15:52:19.928 - RealTimeSTT: realtimestt - INFO - State changed from 'transcribing' to 'inactive'
2026-09-14 15:52:19.931 - RealTimeSTT: realtimestt - DEBUG - Model small completed transcription in 1.79 seconds
2026-09-14 15:52:19.931 - RealTimeSTT: realtimestt - INFO - Setting listen time
2026-09-14 15:52:19.931 - RealTimeSTT: realtimestt - INFO - State changed from 'inactive' to 'listening'
2026-09-14 15:52:19.931 - RealTimeSTT: realtimestt - DEBUG - Waiting for recording start
2026-09-14 15:52:20.694 - RealTimeSTT: realtimestt - INFO - voice activity detected
2026-09-14 15:52:20.694 - RealTimeSTT: realtimestt - INFO - recording started
2026-09-14 15:52:20.694 - RealTimeSTT: realtimestt - INFO - State changed from 'listening' to 'recording'
2026-09-14 15:52:20.695 - RealTimeSTT: realtimestt - DEBUG - Waiting for recording stop
2026-09-14 15:52:36.634 - RealTimeSTT: realtimestt - INFO - recording stopped
2026-09-14 15:52:36.639 - RealTimeSTT: realtimestt - DEBUG - No samples removed, final audio length: 271360
2026-09-14 15:52:36.639 - RealTimeSTT: realtimestt - INFO - State changed from 'recording' to 'inactive'
2026-09-14 15:52:36.640 - RealTimeSTT: realtimestt - INFO - State changed from 'inactive' to 'transcribing'
2026-09-14 15:52:36.640 - RealTimeSTT: realtimestt - DEBUG - Adding transcription request, no early transcription started
2026-09-14 15:52:36.650 - RealTimeSTT: realtimestt - DEBUG - Receive from parent_transcription_pipe after sendiung transcription request, transcribe_count: 1
2026-09-14 15:52:36.755 - RealTimeSTT: realtimestt - DEBUG - Receive from parent_transcription_pipe after sendiung transcription request, transcribe_count: 1
2026-09-14 15:52:36.865 - RealTimeSTT: realtimestt - DEBUG - Receive from parent_transcription_pipe after sendiung transcription request, transcribe_count: 1
2026-09-14 15:52:36.974 - RealTimeSTT: realtimestt - DEBUG - Receive from parent_transcription_pipe after sendiung transcription request, transcribe_count: 1
2026-09-14 15:52:37.085 - RealTimeSTT: realtimestt - DEBUG - Receive from parent_transcription_pipe after sendiung transcription request, transcribe_count: 1
2026-09-14 15:52:37.195 - RealTimeSTT: realtimestt - DEBUG - Receive from parent_transcription_pipe after sendiung transcription request, transcribe_count: 1
2026-09-14 15:52:37.305 - RealTimeSTT: realtimestt - DEBUG - Receive from parent_transcription_pipe after sendiung transcription request, transcribe_count: 1
2026-09-14 15:52:37.415 - RealTimeSTT: realtimestt - DEBUG - Receive from parent_transcription_pipe after sendiung transcription request, transcribe_count: 1
2026-09-14 15:52:37.525 - RealTimeSTT: realtimestt - DEBUG - Receive from parent_transcription_pipe after sendiung transcription request, transcribe_count: 1
2026-09-14 15:52:37.635 - RealTimeSTT: realtimestt - DEBUG - Receive from parent_transcription_pipe after sendiung transcription request, transcribe_count: 1
2026-09-14 15:52:37.744 - RealTimeSTT: realtimestt - DEBUG - Receive from parent_transcription_pipe after sendiung transcription request, transcribe_count: 1
2026-09-14 15:52:37.856 - RealTimeSTT: realtimestt - DEBUG - Receive from parent_transcription_pipe after sendiung transcription request, transcribe_count: 1
2026-09-14 15:52:37.967 - RealTimeSTT: realtimestt - DEBUG - Receive from parent_transcription_pipe after sendiung transcription request, transcribe_count: 1
2026-09-14 15:52:38.077 - RealTimeSTT: realtimestt - DEBUG - Receive from parent_transcription_pipe after sendiung transcription request, transcribe_count: 1
2026-09-14 15:52:38.188 - RealTimeSTT: realtimestt - DEBUG - Receive from parent_transcription_pipe after sendiung transcription request, transcribe_count: 1
2026-09-14 15:52:38.297 - RealTimeSTT: realtimestt - DEBUG - Receive from parent_transcription_pipe after sendiung transcription request, transcribe_count: 1
2026-09-14 15:52:38.407 - RealTimeSTT: realtimestt - DEBUG - Receive from parent_transcription_pipe after sendiung transcription request, transcribe_count: 1
2026-09-14 15:52:38.508 - RealTimeSTT: realtimestt - INFO - State changed from 'transcribing' to 'inactive'
2026-09-14 15:52:38.512 - RealTimeSTT: realtimestt - DEBUG - Model small completed transcription in 1.87 seconds
2026-09-14 15:52:38.512 - RealTimeSTT: realtimestt - INFO - Setting listen time
2026-09-14 15:52:38.512 - RealTimeSTT: realtimestt - INFO - State changed from 'inactive' to 'listening'
2026-09-14 15:52:38.513 - RealTimeSTT: realtimestt - DEBUG - Waiting for recording start
2026-09-14 15:52:40.604 - RealTimeSTT: realtimestt - INFO - voice activity detected
2026-09-14 15:52:40.604 - RealTimeSTT: realtimestt - INFO - recording started
2026-09-14 15:52:40.604 - RealTimeSTT: realtimestt - INFO - State changed from 'listening' to 'recording'
2026-09-14 15:52:40.604 - RealTimeSTT: realtimestt - DEBUG - Waiting for recording stop
2026-09-14 15:52:43.354 - RealTimeSTT: realtimestt - INFO - recording stopped
2026-09-14 15:52:43.355 - RealTimeSTT: realtimestt - DEBUG - No samples removed, final audio length: 60416
2026-09-14 15:52:43.355 - RealTimeSTT: realtimestt - INFO - State changed from 'recording' to 'inactive'
2026-09-14 15:52:43.356 - RealTimeSTT: realtimestt - INFO - State changed from 'inactive' to 'transcribing'
2026-09-14 15:52:43.356 - RealTimeSTT: realtimestt - DEBUG - Adding transcription request, no early transcription started
2026-09-14 15:52:43.357 - RealTimeSTT: realtimestt - DEBUG - Receive from parent_transcription_pipe after sendiung transcription request, transcribe_count: 1
2026-09-14 15:52:43.462 - RealTimeSTT: realtimestt - DEBUG - Receive from parent_transcription_pipe after sendiung transcription request, transcribe_count: 1
2026-09-14 15:52:43.571 - RealTimeSTT: realtimestt - DEBUG - Receive from parent_transcription_pipe after sendiung transcription request, transcribe_count: 1
2026-09-14 15:52:43.680 - RealTimeSTT: realtimestt - DEBUG - Receive from parent_transcription_pipe after sendiung transcription request, transcribe_count: 1
2026-09-14 15:52:43.791 - RealTimeSTT: realtimestt - DEBUG - Receive from parent_transcription_pipe after sendiung transcription request, transcribe_count: 1
2026-09-14 15:52:43.899 - RealTimeSTT: realtimestt - DEBUG - Receive from parent_transcription_pipe after sendiung transcription request, transcribe_count: 1
2026-09-14 15:52:44.009 - RealTimeSTT: realtimestt - DEBUG - Receive from parent_transcription_pipe after sendiung transcription request, transcribe_count: 1
2026-09-14 15:52:44.119 - RealTimeSTT: realtimestt - DEBUG - Receive from parent_transcription_pipe after sendiung transcription request, transcribe_count: 1
2026-09-14 15:52:44.229 - RealTimeSTT: realtimestt - DEBUG - Receive from parent_transcription_pipe after sendiung transcription request, transcribe_count: 1
2026-09-14 15:52:44.339 - RealTimeSTT: realtimestt - DEBUG - Receive from parent_transcription_pipe after sendiung transcription request, transcribe_count: 1
2026-09-14 15:52:44.451 - RealTimeSTT: realtimestt - DEBUG - Receive from parent_transcription_pipe after sendiung transcription request, transcribe_count: 1
2026-09-14 15:52:44.560 - RealTimeSTT: realtimestt - DEBUG - Receive from parent_transcription_pipe after sendiung transcription request, transcribe_count: 1
2026-09-14 15:52:44.670 - RealTimeSTT: realtimestt - DEBUG - Receive from parent_transcription_pipe after sendiung transcription request, transcribe_count: 1
2026-09-14 15:52:44.781 - RealTimeSTT: realtimestt - DEBUG - Receive from parent_transcription_pipe after sendiung transcription request, transcribe_count: 1
2026-09-14 15:52:44.807 - RealTimeSTT: realtimestt - INFO - State changed from 'transcribing' to 'inactive'
2026-09-14 15:52:44.808 - RealTimeSTT: realtimestt - DEBUG - Model small completed transcription in 1.45 seconds
2026-09-14 15:52:44.808 - RealTimeSTT: realtimestt - INFO - Setting listen time
2026-09-14 15:52:44.809 - RealTimeSTT: realtimestt - INFO - State changed from 'inactive' to 'listening'
2026-09-14 15:52:44.809 - RealTimeSTT: realtimestt - DEBUG - Waiting for recording start
2026-09-14 15:52:48.854 - RealTimeSTT: realtimestt - INFO - voice activity detected
2026-09-14 15:52:48.854 - RealTimeSTT: realtimestt - INFO - recording started
2026-09-14 15:52:48.854 - RealTimeSTT: realtimestt - INFO - State changed from 'listening' to 'recording'
2026-09-14 15:52:48.855 - RealTimeSTT: realtimestt - DEBUG - Waiting for recording stop
2026-09-14 15:53:41.215 - RealTimeSTT: realtimestt - INFO - recording stopped
2026-09-14 15:53:41.231 - RealTimeSTT: realtimestt - DEBUG - No samples removed, final audio length: 854016
2026-09-14 15:53:41.232 - RealTimeSTT: realtimestt - INFO - State changed from 'recording' to 'inactive'
2026-09-14 15:53:41.234 - RealTimeSTT: realtimestt - INFO - State changed from 'inactive' to 'transcribing'
2026-09-14 15:53:41.235 - RealTimeSTT: realtimestt - DEBUG - Adding transcription request, no early transcription started
2026-09-14 15:53:41.241 - RealTimeSTT: realtimestt - DEBUG - Receive from parent_transcription_pipe after sendiung transcription request, transcribe_count: 1
2026-09-14 15:53:41.355 - RealTimeSTT: realtimestt - DEBUG - Receive from parent_transcription_pipe after sendiung transcription request, transcribe_count: 1
2026-09-14 15:53:41.465 - RealTimeSTT: realtimestt - DEBUG - Receive from parent_transcription_pipe after sendiung transcription request, transcribe_count: 1
2026-09-14 15:53:41.574 - RealTimeSTT: realtimestt - DEBUG - Receive from parent_transcription_pipe after sendiung transcription request, transcribe_count: 1
2026-09-14 15:53:41.685 - RealTimeSTT: realtimestt - DEBUG - Receive from parent_transcription_pipe after sendiung transcription request, transcribe_count: 1
2026-09-14 15:53:41.796 - RealTimeSTT: realtimestt - DEBUG - Receive from parent_transcription_pipe after sendiung transcription request, transcribe_count: 1
2026-09-14 15:53:41.906 - RealTimeSTT: realtimestt - DEBUG - Receive from parent_transcription_pipe after sendiung transcription request, transcribe_count: 1
2026-09-14 15:53:42.016 - RealTimeSTT: realtimestt - DEBUG - Receive from parent_transcription_pipe after sendiung transcription request, transcribe_count: 1
2026-09-14 15:53:42.126 - RealTimeSTT: realtimestt - DEBUG - Receive from parent_transcription_pipe after sendiung transcription request, transcribe_count: 1
2026-09-14 15:53:42.237 - RealTimeSTT: realtimestt - DEBUG - Receive from parent_transcription_pipe after sendiung transcription request, transcribe_count: 1
2026-09-14 15:53:42.348 - RealTimeSTT: realtimestt - DEBUG - Receive from parent_transcription_pipe after sendiung transcription request, transcribe_count: 1
2026-09-14 15:53:42.458 - RealTimeSTT: realtimestt - DEBUG - Receive from parent_transcription_pipe after sendiung transcription request, transcribe_count: 1
2026-09-14 15:53:42.568 - RealTimeSTT: realtimestt - DEBUG - Receive from parent_transcription_pipe after sendiung transcription request, transcribe_count: 1
2026-09-14 15:53:42.678 - RealTimeSTT: realtimestt - DEBUG - Receive from parent_transcription_pipe after sendiung transcription request, transcribe_count: 1
2026-09-14 15:53:42.787 - RealTimeSTT: realtimestt - DEBUG - Receive from parent_transcription_pipe after sendiung transcription request, transcribe_count: 1
2026-09-14 15:53:42.897 - RealTimeSTT: realtimestt - DEBUG - Receive from parent_transcription_pipe after sendiung transcription request, transcribe_count: 1
2026-09-14 15:53:43.007 - RealTimeSTT: realtimestt - DEBUG - Receive from parent_transcription_pipe after sendiung transcription request, transcribe_count: 1
2026-09-14 15:53:43.117 - RealTimeSTT: realtimestt - DEBUG - Receive from parent_transcription_pipe after sendiung transcription request, transcribe_count: 1
2026-09-14 15:53:43.226 - RealTimeSTT: realtimestt - DEBUG - Receive from parent_transcription_pipe after sendiung transcription request, transcribe_count: 1
2026-09-14 15:53:43.335 - RealTimeSTT: realtimestt - DEBUG - Receive from parent_transcription_pipe after sendiung transcription request, transcribe_count: 1
2026-09-14 15:53:43.446 - RealTimeSTT: realtimestt - DEBUG - Receive from parent_transcription_pipe after sendiung transcription request, transcribe_count: 1
2026-09-14 15:53:43.556 - RealTimeSTT: realtimestt - DEBUG - Receive from parent_transcription_pipe after sendiung transcription request, transcribe_count: 1
2026-09-14 15:53:43.666 - RealTimeSTT: realtimestt - DEBUG - Receive from parent_transcription_pipe after sendiung transcription request, transcribe_count: 1
2026-09-14 15:53:43.776 - RealTimeSTT: realtimestt - DEBUG - Receive from parent_transcription_pipe after sendiung transcription request, transcribe_count: 1
2026-09-14 15:53:43.887 - RealTimeSTT: realtimestt - DEBUG - Receive from parent_transcription_pipe after sendiung transcription request, transcribe_count: 1
2026-09-14 15:53:43.995 - RealTimeSTT: realtimestt - DEBUG - Receive from parent_transcription_pipe after sendiung transcription request, transcribe_count: 1
2026-09-14 15:53:44.104 - RealTimeSTT: realtimestt - DEBUG - Receive from parent_transcription_pipe after sendiung transcription request, transcribe_count: 1
2026-09-14 15:53:44.213 - RealTimeSTT: realtimestt - DEBUG - Receive from parent_transcription_pipe after sendiung transcription request, transcribe_count: 1
2026-09-14 15:53:44.322 - RealTimeSTT: realtimestt - DEBUG - Receive from parent_transcription_pipe after sendiung transcription request, transcribe_count: 1
2026-09-14 15:53:44.431 - RealTimeSTT: realtimestt - DEBUG - Receive from parent_transcription_pipe after sendiung transcription request, transcribe_count: 1
2026-09-14 15:53:44.540 - RealTimeSTT: realtimestt - DEBUG - Receive from parent_transcription_pipe after sendiung transcription request, transcribe_count: 1
2026-09-14 15:53:44.651 - RealTimeSTT: realtimestt - DEBUG - Receive from parent_transcription_pipe after sendiung transcription request, transcribe_count: 1
2026-09-14 15:53:44.761 - RealTimeSTT: realtimestt - DEBUG - Receive from parent_transcription_pipe after sendiung transcription request, transcribe_count: 1
2026-09-14 15:53:44.870 - RealTimeSTT: realtimestt - DEBUG - Receive from parent_transcription_pipe after sendiung transcription request, transcribe_count: 1
2026-09-14 15:53:44.978 - RealTimeSTT: realtimestt - DEBUG - Receive from parent_transcription_pipe after sendiung transcription request, transcribe_count: 1
2026-09-14 15:53:45.086 - RealTimeSTT: realtimestt - DEBUG - Receive from parent_transcription_pipe after sendiung transcription request, transcribe_count: 1
2026-09-14 15:53:45.196 - RealTimeSTT: realtimestt - DEBUG - Receive from parent_transcription_pipe after sendiung transcription request, transcribe_count: 1
2026-09-14 15:53:45.306 - RealTimeSTT: realtimestt - DEBUG - Receive from parent_transcription_pipe after sendiung transcription request, transcribe_count: 1
2026-09-14 15:53:45.416 - RealTimeSTT: realtimestt - DEBUG - Receive from parent_transcription_pipe after sendiung transcription request, transcribe_count: 1
2026-09-14 15:53:45.526 - RealTimeSTT: realtimestt - DEBUG - Receive from parent_transcription_pipe after sendiung transcription request, transcribe_count: 1
2026-09-14 15:53:45.637 - RealTimeSTT: realtimestt - DEBUG - Receive from parent_transcription_pipe after sendiung transcription request, transcribe_count: 1
2026-09-14 15:53:45.747 - RealTimeSTT: realtimestt - DEBUG - Receive from parent_transcription_pipe after sendiung transcription request, transcribe_count: 1
2026-09-14 15:53:45.856 - RealTimeSTT: realtimestt - DEBUG - Receive from parent_transcription_pipe after sendiung transcription request, transcribe_count: 1
2026-09-14 15:53:45.967 - RealTimeSTT: realtimestt - DEBUG - Receive from parent_transcription_pipe after sendiung transcription request, transcribe_count: 1
2026-09-14 15:53:46.077 - RealTimeSTT: realtimestt - DEBUG - Receive from parent_transcription_pipe after sendiung transcription request, transcribe_count: 1
2026-09-14 15:53:46.186 - RealTimeSTT: realtimestt - DEBUG - Receive from parent_transcription_pipe after sendiung transcription request, transcribe_count: 1
2026-09-14 15:53:46.295 - RealTimeSTT: realtimestt - DEBUG - Receive from parent_transcription_pipe after sendiung transcription request, transcribe_count: 1
2026-09-14 15:53:46.404 - RealTimeSTT: realtimestt - DEBUG - Receive from parent_transcription_pipe after sendiung transcription request, transcribe_count: 1
2026-09-14 15:53:46.513 - RealTimeSTT: realtimestt - DEBUG - Receive from parent_transcription_pipe after sendiung transcription request, transcribe_count: 1
2026-09-14 15:53:46.623 - RealTimeSTT: realtimestt - DEBUG - Receive from parent_transcription_pipe after sendiung transcription request, transcribe_count: 1
2026-09-14 15:53:46.733 - RealTimeSTT: realtimestt - DEBUG - Receive from parent_transcription_pipe after sendiung transcription request, transcribe_count: 1
2026-09-14 15:53:46.843 - RealTimeSTT: realtimestt - DEBUG - Receive from parent_transcription_pipe after sendiung transcription request, transcribe_count: 1
2026-09-14 15:53:46.952 - RealTimeSTT: realtimestt - DEBUG - Receive from parent_transcription_pipe after sendiung transcription request, transcribe_count: 1
2026-09-14 15:53:47.062 - RealTimeSTT: realtimestt - DEBUG - Receive from parent_transcription_pipe after sendiung transcription request, transcribe_count: 1
2026-09-14 15:53:47.170 - RealTimeSTT: realtimestt - DEBUG - Receive from parent_transcription_pipe after sendiung transcription request, transcribe_count: 1
2026-09-14 15:53:47.225 - RealTimeSTT: realtimestt - INFO - State changed from 'transcribing' to 'inactive'
2026-09-14 15:53:47.237 - RealTimeSTT: realtimestt - DEBUG - Model small completed transcription in 6.00 seconds
2026-09-14 15:53:47.238 - RealTimeSTT: realtimestt - INFO - Setting listen time
2026-09-14 15:53:47.238 - RealTimeSTT: realtimestt - INFO - State changed from 'inactive' to 'listening'
2026-09-14 15:53:47.238 - RealTimeSTT: realtimestt - DEBUG - Waiting for recording start
2026-09-14 15:54:01.298 - RealTimeSTT: realtimestt - INFO - KeyboardInterrupt in wait_audio, shutting down
2026-09-14 15:54:01.298 - RealTimeSTT: realtimestt - DEBUG - Finishing recording thread
2026-09-14 15:54:01.315 - RealTimeSTT: realtimestt - DEBUG - Terminating reader process
2026-09-14 15:54:01.704 - RealTimeSTT: realtimestt - DEBUG - Terminating transcription process
2026-09-14 15:54:01.802 - RealTimeSTT: realtimestt - DEBUG - Finishing realtime thread
2026-09-14 15:54:01.857 - RealTimeSTT: realtimestt - INFO - KeyboardInterrupt in text() method
2026-09-14 16:56:05.794 - RealTimeSTT: realtimestt - INFO - Starting RealTimeSTT
2026-09-14 16:56:05.801 - RealTimeSTT: realtimestt - INFO - Initializing audio recording (creating pyAudio input stream, sample rate: 16000 buffer size: 512
2026-09-14 16:56:05.806 - RealTimeSTT: realtimestt - INFO - Initializing WebRTC voice with Sensitivity 3
2026-09-14 16:56:05.806 - RealTimeSTT: realtimestt - DEBUG - WebRTC VAD voice activity detection engine initialized successfully
2026-09-14 16:56:06.922 - RealTimeSTT: realtimestt - DEBUG - Silero VAD voice activity detection engine initialized successfully
2026-09-14 16:56:06.924 - RealTimeSTT: realtimestt - DEBUG - Starting realtime worker
2026-09-14 16:56:06.924 - RealTimeSTT: realtimestt - DEBUG - Waiting for main transcription model to start
2026-09-14 16:56:12.921 - RealTimeSTT: realtimestt - DEBUG - Main transcription model ready
2026-09-14 16:56:12.922 - RealTimeSTT: realtimestt - DEBUG - RealtimeSTT initialization completed successfully
2026-09-14 16:56:12.922 - RealTimeSTT: realtimestt - INFO - Setting listen time
2026-09-14 16:56:12.922 - RealTimeSTT: realtimestt - INFO - State changed from 'inactive' to 'listening'
2026-09-14 16:56:12.922 - RealTimeSTT: realtimestt - DEBUG - Waiting for recording start
2026-09-14 16:56:14.696 - RealTimeSTT: realtimestt - INFO - voice activity detected
2026-09-14 16:56:14.696 - RealTimeSTT: realtimestt - INFO - recording started
2026-09-14 16:56:14.696 - RealTimeSTT: realtimestt - INFO - State changed from 'listening' to 'recording'
2026-09-14 16:56:14.696 - RealTimeSTT: realtimestt - DEBUG - Waiting for recording stop
2026-09-14 16:56:15.845 - RealTimeSTT: realtimestt - INFO - recording stopped
2026-09-14 16:56:15.846 - RealTimeSTT: realtimestt - DEBUG - No samples removed, final audio length: 34816
2026-09-14 16:56:15.846 - RealTimeSTT: realtimestt - INFO - State changed from 'recording' to 'inactive'
2026-09-14 16:56:15.846 - RealTimeSTT: realtimestt - INFO - State changed from 'inactive' to 'transcribing'
2026-09-14 16:56:15.846 - RealTimeSTT: realtimestt - DEBUG - Adding transcription request, no early transcription started
2026-09-14 16:56:15.847 - RealTimeSTT: realtimestt - DEBUG - Receive from parent_transcription_pipe after sendiung transcription request, transcribe_count: 1
2026-09-14 16:56:15.962 - RealTimeSTT: realtimestt - DEBUG - Receive from parent_transcription_pipe after sendiung transcription request, transcribe_count: 1
2026-09-14 16:56:16.072 - RealTimeSTT: realtimestt - DEBUG - Receive from parent_transcription_pipe after sendiung transcription request, transcribe_count: 1
2026-09-14 16:56:16.183 - RealTimeSTT: realtimestt - DEBUG - Receive from parent_transcription_pipe after sendiung transcription request, transcribe_count: 1
2026-09-14 16:56:16.291 - RealTimeSTT: realtimestt - DEBUG - Receive from parent_transcription_pipe after sendiung transcription request, transcribe_count: 1
2026-09-14 16:56:16.402 - RealTimeSTT: realtimestt - DEBUG - Receive from parent_transcription_pipe after sendiung transcription request, transcribe_count: 1
2026-09-14 16:56:16.511 - RealTimeSTT: realtimestt - DEBUG - Receive from parent_transcription_pipe after sendiung transcription request, transcribe_count: 1
2026-09-14 16:56:16.623 - RealTimeSTT: realtimestt - DEBUG - Receive from parent_transcription_pipe after sendiung transcription request, transcribe_count: 1
2026-09-14 16:56:16.733 - RealTimeSTT: realtimestt - DEBUG - Receive from parent_transcription_pipe after sendiung transcription request, transcribe_count: 1
2026-09-14 16:56:16.843 - RealTimeSTT: realtimestt - DEBUG - Receive from parent_transcription_pipe after sendiung transcription request, transcribe_count: 1
2026-09-14 16:56:16.952 - RealTimeSTT: realtimestt - DEBUG - Receive from parent_transcription_pipe after sendiung transcription request, transcribe_count: 1
2026-09-14 16:56:17.063 - RealTimeSTT: realtimestt - DEBUG - Receive from parent_transcription_pipe after sendiung transcription request, transcribe_count: 1
2026-09-14 16:56:17.174 - RealTimeSTT: realtimestt - DEBUG - Receive from parent_transcription_pipe after sendiung transcription request, transcribe_count: 1
2026-09-14 16:56:17.283 - RealTimeSTT: realtimestt - DEBUG - Receive from parent_transcription_pipe after sendiung transcription request, transcribe_count: 1
2026-09-14 16:56:17.348 - RealTimeSTT: realtimestt - INFO - State changed from 'transcribing' to 'inactive'
2026-09-14 16:56:17.349 - RealTimeSTT: realtimestt - DEBUG - Model small completed transcription in 1.50 seconds
2026-09-14 16:56:17.349 - RealTimeSTT: realtimestt - INFO - Setting listen time
2026-09-14 16:56:17.349 - RealTimeSTT: realtimestt - INFO - State changed from 'inactive' to 'listening'
2026-09-14 16:56:17.349 - RealTimeSTT: realtimestt - DEBUG - Waiting for recording start
2026-09-14 16:56:26.156 - RealTimeSTT: realtimestt - INFO - voice activity detected
2026-09-14 16:56:26.156 - RealTimeSTT: realtimestt - INFO - recording started
2026-09-14 16:56:26.156 - RealTimeSTT: realtimestt - INFO - State changed from 'listening' to 'recording'
2026-09-14 16:56:26.157 - RealTimeSTT: realtimestt - DEBUG - Waiting for recording stop
2026-09-14 16:56:38.956 - RealTimeSTT: realtimestt - INFO - recording stopped
2026-09-14 16:56:38.960 - RealTimeSTT: realtimestt - DEBUG - No samples removed, final audio length: 221184
2026-09-14 16:56:38.960 - RealTimeSTT: realtimestt - INFO - State changed from 'recording' to 'inactive'
2026-09-14 16:56:38.960 - RealTimeSTT: realtimestt - INFO - State changed from 'inactive' to 'transcribing'
2026-09-14 16:56:38.960 - RealTimeSTT: realtimestt - DEBUG - Adding transcription request, no early transcription started
2026-09-14 16:56:38.971 - RealTimeSTT: realtimestt - DEBUG - Receive from parent_transcription_pipe after sendiung transcription request, transcribe_count: 1
2026-09-14 16:56:39.076 - RealTimeSTT: realtimestt - DEBUG - Receive from parent_transcription_pipe after sendiung transcription request, transcribe_count: 1
2026-09-14 16:56:39.186 - RealTimeSTT: realtimestt - DEBUG - Receive from parent_transcription_pipe after sendiung transcription request, transcribe_count: 1
2026-09-14 16:56:39.296 - RealTimeSTT: realtimestt - DEBUG - Receive from parent_transcription_pipe after sendiung transcription request, transcribe_count: 1
2026-09-14 16:56:39.406 - RealTimeSTT: realtimestt - DEBUG - Receive from parent_transcription_pipe after sendiung transcription request, transcribe_count: 1
2026-09-14 16:56:39.518 - RealTimeSTT: realtimestt - DEBUG - Receive from parent_transcription_pipe after sendiung transcription request, transcribe_count: 1
2026-09-14 16:56:39.627 - RealTimeSTT: realtimestt - DEBUG - Receive from parent_transcription_pipe after sendiung transcription request, transcribe_count: 1
2026-09-14 16:56:39.738 - RealTimeSTT: realtimestt - DEBUG - Receive from parent_transcription_pipe after sendiung transcription request, transcribe_count: 1
2026-09-14 16:56:39.847 - RealTimeSTT: realtimestt - DEBUG - Receive from parent_transcription_pipe after sendiung transcription request, transcribe_count: 1
2026-09-14 16:56:39.957 - RealTimeSTT: realtimestt - DEBUG - Receive from parent_transcription_pipe after sendiung transcription request, transcribe_count: 1
2026-09-14 16:56:40.067 - RealTimeSTT: realtimestt - DEBUG - Receive from parent_transcription_pipe after sendiung transcription request, transcribe_count: 1
2026-09-14 16:56:40.177 - RealTimeSTT: realtimestt - DEBUG - Receive from parent_transcription_pipe after sendiung transcription request, transcribe_count: 1
2026-09-14 16:56:40.287 - RealTimeSTT: realtimestt - DEBUG - Receive from parent_transcription_pipe after sendiung transcription request, transcribe_count: 1
2026-09-14 16:56:40.398 - RealTimeSTT: realtimestt - DEBUG - Receive from parent_transcription_pipe after sendiung transcription request, transcribe_count: 1
2026-09-14 16:56:40.509 - RealTimeSTT: realtimestt - DEBUG - Receive from parent_transcription_pipe after sendiung transcription request, transcribe_count: 1
2026-09-14 16:56:40.620 - RealTimeSTT: realtimestt - DEBUG - Receive from parent_transcription_pipe after sendiung transcription request, transcribe_count: 1
2026-09-14 16:56:40.730 - RealTimeSTT: realtimestt - DEBUG - Receive from parent_transcription_pipe after sendiung transcription request, transcribe_count: 1
2026-09-14 16:56:40.841 - RealTimeSTT: realtimestt - DEBUG - Receive from parent_transcription_pipe after sendiung transcription request, transcribe_count: 1
2026-09-14 16:56:40.951 - RealTimeSTT: realtimestt - DEBUG - Receive from parent_transcription_pipe after sendiung transcription request, transcribe_count: 1
2026-09-14 16:56:40.998 - RealTimeSTT: realtimestt - INFO - State changed from 'transcribing' to 'inactive'
2026-09-14 16:56:41.001 - RealTimeSTT: realtimestt - DEBUG - Model small completed transcription in 2.04 seconds
2026-09-14 16:56:41.001 - RealTimeSTT: realtimestt - INFO - Setting listen time
2026-09-14 16:56:41.001 - RealTimeSTT: realtimestt - INFO - State changed from 'inactive' to 'listening'
2026-09-14 16:56:41.001 - RealTimeSTT: realtimestt - DEBUG - Waiting for recording start
2026-09-14 16:56:41.634 - RealTimeSTT: realtimestt - INFO - voice activity detected
2026-09-14 16:56:41.634 - RealTimeSTT: realtimestt - INFO - recording started
2026-09-14 16:56:41.634 - RealTimeSTT: realtimestt - INFO - State changed from 'listening' to 'recording'
2026-09-14 16:56:41.636 - RealTimeSTT: realtimestt - DEBUG - Waiting for recording stop
2026-09-14 16:56:44.194 - RealTimeSTT: realtimestt - INFO - recording stopped
2026-09-14 16:56:44.194 - RealTimeSTT: realtimestt - DEBUG - No samples removed, final audio length: 57344
2026-09-14 16:56:44.194 - RealTimeSTT: realtimestt - INFO - State changed from 'recording' to 'inactive'
2026-09-14 16:56:44.194 - RealTimeSTT: realtimestt - INFO - State changed from 'inactive' to 'transcribing'
2026-09-14 16:56:44.194 - RealTimeSTT: realtimestt - DEBUG - Adding transcription request, no early transcription started
2026-09-14 16:56:44.196 - RealTimeSTT: realtimestt - DEBUG - Receive from parent_transcription_pipe after sendiung transcription request, transcribe_count: 1
2026-09-14 16:56:44.300 - RealTimeSTT: realtimestt - DEBUG - Receive from parent_transcription_pipe after sendiung transcription request, transcribe_count: 1
2026-09-14 16:56:44.411 - RealTimeSTT: realtimestt - DEBUG - Receive from parent_transcription_pipe after sendiung transcription request, transcribe_count: 1
2026-09-14 16:56:44.522 - RealTimeSTT: realtimestt - DEBUG - Receive from parent_transcription_pipe after sendiung transcription request, transcribe_count: 1
2026-09-14 16:56:44.631 - RealTimeSTT: realtimestt - DEBUG - Receive from parent_transcription_pipe after sendiung transcription request, transcribe_count: 1
2026-09-14 16:56:44.741 - RealTimeSTT: realtimestt - DEBUG - Receive from parent_transcription_pipe after sendiung transcription request, transcribe_count: 1
2026-09-14 16:56:44.850 - RealTimeSTT: realtimestt - DEBUG - Receive from parent_transcription_pipe after sendiung transcription request, transcribe_count: 1
2026-09-14 16:56:44.962 - RealTimeSTT: realtimestt - DEBUG - Receive from parent_transcription_pipe after sendiung transcription request, transcribe_count: 1
2026-09-14 16:56:45.072 - RealTimeSTT: realtimestt - DEBUG - Receive from parent_transcription_pipe after sendiung transcription request, transcribe_count: 1
2026-09-14 16:56:45.182 - RealTimeSTT: realtimestt - DEBUG - Receive from parent_transcription_pipe after sendiung transcription request, transcribe_count: 1
2026-09-14 16:56:45.293 - RealTimeSTT: realtimestt - DEBUG - Receive from parent_transcription_pipe after sendiung transcription request, transcribe_count: 1
2026-09-14 16:56:45.401 - RealTimeSTT: realtimestt - DEBUG - Receive from parent_transcription_pipe after sendiung transcription request, transcribe_count: 1
2026-09-14 16:56:45.510 - RealTimeSTT: realtimestt - DEBUG - Receive from parent_transcription_pipe after sendiung transcription request, transcribe_count: 1
2026-09-14 16:56:45.620 - RealTimeSTT: realtimestt - DEBUG - Receive from parent_transcription_pipe after sendiung transcription request, transcribe_count: 1
2026-09-14 16:56:45.683 - RealTimeSTT: realtimestt - INFO - State changed from 'transcribing' to 'inactive'
2026-09-14 16:56:45.684 - RealTimeSTT: realtimestt - DEBUG - Model small completed transcription in 1.49 seconds
2026-09-14 16:56:45.684 - RealTimeSTT: realtimestt - INFO - Setting listen time
2026-09-14 16:56:45.684 - RealTimeSTT: realtimestt - INFO - State changed from 'inactive' to 'listening'
2026-09-14 16:56:45.684 - RealTimeSTT: realtimestt - DEBUG - Waiting for recording start
2026-09-14 16:56:46.377 - RealTimeSTT: realtimestt - INFO - voice activity detected
2026-09-14 16:56:46.377 - RealTimeSTT: realtimestt - INFO - recording started
2026-09-14 16:56:46.377 - RealTimeSTT: realtimestt - INFO - State changed from 'listening' to 'recording'
2026-09-14 16:56:46.377 - RealTimeSTT: realtimestt - DEBUG - Waiting for recording stop
2026-09-14 16:56:53.795 - RealTimeSTT: realtimestt - INFO - recording stopped
2026-09-14 16:56:53.797 - RealTimeSTT: realtimestt - DEBUG - No samples removed, final audio length: 135168
2026-09-14 16:56:53.797 - RealTimeSTT: realtimestt - INFO - State changed from 'recording' to 'inactive'
2026-09-14 16:56:53.798 - RealTimeSTT: realtimestt - INFO - State changed from 'inactive' to 'transcribing'
2026-09-14 16:56:53.798 - RealTimeSTT: realtimestt - DEBUG - Adding transcription request, no early transcription started
2026-09-14 16:56:53.799 - RealTimeSTT: realtimestt - DEBUG - Receive from parent_transcription_pipe after sendiung transcription request, transcribe_count: 1
2026-09-14 16:56:53.913 - RealTimeSTT: realtimestt - DEBUG - Receive from parent_transcription_pipe after sendiung transcription request, transcribe_count: 1
2026-09-14 16:56:54.023 - RealTimeSTT: realtimestt - DEBUG - Receive from parent_transcription_pipe after sendiung transcription request, transcribe_count: 1
2026-09-14 16:56:54.133 - RealTimeSTT: realtimestt - DEBUG - Receive from parent_transcription_pipe after sendiung transcription request, transcribe_count: 1
2026-09-14 16:56:54.243 - RealTimeSTT: realtimestt - DEBUG - Receive from parent_transcription_pipe after sendiung transcription request, transcribe_count: 1
2026-09-14 16:56:54.355 - RealTimeSTT: realtimestt - DEBUG - Receive from parent_transcription_pipe after sendiung transcription request, transcribe_count: 1
2026-09-14 16:56:54.464 - RealTimeSTT: realtimestt - DEBUG - Receive from parent_transcription_pipe after sendiung transcription request, transcribe_count: 1
2026-09-14 16:56:54.574 - RealTimeSTT: realtimestt - DEBUG - Receive from parent_transcription_pipe after sendiung transcription request, transcribe_count: 1
2026-09-14 16:56:54.684 - RealTimeSTT: realtimestt - DEBUG - Receive from parent_transcription_pipe after sendiung transcription request, transcribe_count: 1
2026-09-14 16:56:54.795 - RealTimeSTT: realtimestt - DEBUG - Receive from parent_transcription_pipe after sendiung transcription request, transcribe_count: 1
2026-09-14 16:56:54.906 - RealTimeSTT: realtimestt - DEBUG - Receive from parent_transcription_pipe after sendiung transcription request, transcribe_count: 1
2026-09-14 16:56:55.016 - RealTimeSTT: realtimestt - DEBUG - Receive from parent_transcription_pipe after sendiung transcription request, transcribe_count: 1
2026-09-14 16:56:55.126 - RealTimeSTT: realtimestt - DEBUG - Receive from parent_transcription_pipe after sendiung transcription request, transcribe_count: 1
2026-09-14 16:56:55.236 - RealTimeSTT: realtimestt - DEBUG - Receive from parent_transcription_pipe after sendiung transcription request, transcribe_count: 1
2026-09-14 16:56:55.347 - RealTimeSTT: realtimestt - DEBUG - Receive from parent_transcription_pipe after sendiung transcription request, transcribe_count: 1
2026-09-14 16:56:55.457 - RealTimeSTT: realtimestt - DEBUG - Receive from parent_transcription_pipe after sendiung transcription request, transcribe_count: 1
2026-09-14 16:56:55.555 - RealTimeSTT: realtimestt - INFO - State changed from 'transcribing' to 'inactive'
2026-09-14 16:56:55.556 - RealTimeSTT: realtimestt - DEBUG - Model small completed transcription in 1.76 seconds
2026-09-14 16:56:55.556 - RealTimeSTT: realtimestt - INFO - Setting listen time
2026-09-14 16:56:55.556 - RealTimeSTT: realtimestt - INFO - State changed from 'inactive' to 'listening'
2026-09-14 16:56:55.556 - RealTimeSTT: realtimestt - DEBUG - Waiting for recording start
2026-09-14 16:56:55.844 - RealTimeSTT: realtimestt - INFO - voice activity detected
2026-09-14 16:56:55.844 - RealTimeSTT: realtimestt - INFO - recording started
2026-09-14 16:56:55.844 - RealTimeSTT: realtimestt - INFO - State changed from 'listening' to 'recording'
2026-09-14 16:56:55.846 - RealTimeSTT: realtimestt - DEBUG - Waiting for recording stop
2026-09-14 16:56:56.996 - RealTimeSTT: realtimestt - INFO - recording stopped
2026-09-14 16:56:56.997 - RealTimeSTT: realtimestt - DEBUG - No samples removed, final audio length: 34816
2026-09-14 16:56:56.998 - RealTimeSTT: realtimestt - INFO - State changed from 'recording' to 'inactive'
2026-09-14 16:56:56.998 - RealTimeSTT: realtimestt - INFO - State changed from 'inactive' to 'transcribing'
2026-09-14 16:56:56.998 - RealTimeSTT: realtimestt - DEBUG - Adding transcription request, no early transcription started
2026-09-14 16:56:57.007 - RealTimeSTT: realtimestt - DEBUG - Receive from parent_transcription_pipe after sendiung transcription request, transcribe_count: 1
2026-09-14 16:56:57.112 - RealTimeSTT: realtimestt - DEBUG - Receive from parent_transcription_pipe after sendiung transcription request, transcribe_count: 1
2026-09-14 16:56:57.223 - RealTimeSTT: realtimestt - DEBUG - Receive from parent_transcription_pipe after sendiung transcription request, transcribe_count: 1
2026-09-14 16:56:57.333 - RealTimeSTT: realtimestt - DEBUG - Receive from parent_transcription_pipe after sendiung transcription request, transcribe_count: 1
2026-09-14 16:56:57.443 - RealTimeSTT: realtimestt - DEBUG - Receive from parent_transcription_pipe after sendiung transcription request, transcribe_count: 1
2026-09-14 16:56:57.553 - RealTimeSTT: realtimestt - DEBUG - Receive from parent_transcription_pipe after sendiung transcription request, transcribe_count: 1
2026-09-14 16:56:57.663 - RealTimeSTT: realtimestt - DEBUG - Receive from parent_transcription_pipe after sendiung transcription request, transcribe_count: 1
2026-09-14 16:56:57.773 - RealTimeSTT: realtimestt - DEBUG - Receive from parent_transcription_pipe after sendiung transcription request, transcribe_count: 1
2026-09-14 16:56:57.882 - RealTimeSTT: realtimestt - DEBUG - Receive from parent_transcription_pipe after sendiung transcription request, transcribe_count: 1
2026-09-14 16:56:57.993 - RealTimeSTT: realtimestt - DEBUG - Receive from parent_transcription_pipe after sendiung transcription request, transcribe_count: 1
2026-09-14 16:56:58.102 - RealTimeSTT: realtimestt - DEBUG - Receive from parent_transcription_pipe after sendiung transcription request, transcribe_count: 1
2026-09-14 16:56:58.211 - RealTimeSTT: realtimestt - DEBUG - Receive from parent_transcription_pipe after sendiung transcription request, transcribe_count: 1
2026-09-14 16:56:58.322 - RealTimeSTT: realtimestt - DEBUG - Receive from parent_transcription_pipe after sendiung transcription request, transcribe_count: 1
2026-09-14 16:56:58.432 - RealTimeSTT: realtimestt - DEBUG - Receive from parent_transcription_pipe after sendiung transcription request, transcribe_count: 1
2026-09-14 16:56:58.541 - RealTimeSTT: realtimestt - DEBUG - Receive from parent_transcription_pipe after sendiung transcription request, transcribe_count: 1
2026-09-14 16:56:58.545 - RealTimeSTT: realtimestt - INFO - State changed from 'transcribing' to 'inactive'
2026-09-14 16:56:58.545 - RealTimeSTT: realtimestt - DEBUG - Model small completed transcription in 1.55 seconds
2026-09-14 16:56:58.545 - RealTimeSTT: realtimestt - INFO - Setting listen time
2026-09-14 16:56:58.545 - RealTimeSTT: realtimestt - INFO - State changed from 'inactive' to 'listening'
2026-09-14 16:56:58.545 - RealTimeSTT: realtimestt - DEBUG - Waiting for recording start
2026-09-14 16:56:58.986 - RealTimeSTT: realtimestt - INFO - voice activity detected
2026-09-14 16:56:58.986 - RealTimeSTT: realtimestt - INFO - recording started
2026-09-14 16:56:58.986 - RealTimeSTT: realtimestt - INFO - State changed from 'listening' to 'recording'
2026-09-14 16:56:58.986 - RealTimeSTT: realtimestt - DEBUG - Waiting for recording stop
2026-09-14 16:57:05.125 - RealTimeSTT: realtimestt - INFO - recording stopped
2026-09-14 16:57:05.126 - RealTimeSTT: realtimestt - DEBUG - No samples removed, final audio length: 114688
2026-09-14 16:57:05.126 - RealTimeSTT: realtimestt - INFO - State changed from 'recording' to 'inactive'
2026-09-14 16:57:05.126 - RealTimeSTT: realtimestt - INFO - State changed from 'inactive' to 'transcribing'
2026-09-14 16:57:05.126 - RealTimeSTT: realtimestt - DEBUG - Adding transcription request, no early transcription started
2026-09-14 16:57:05.127 - RealTimeSTT: realtimestt - DEBUG - Receive from parent_transcription_pipe after sendiung transcription request, transcribe_count: 1
2026-09-14 16:57:05.236 - RealTimeSTT: realtimestt - DEBUG - Receive from parent_transcription_pipe after sendiung transcription request, transcribe_count: 1
2026-09-14 16:57:05.346 - RealTimeSTT: realtimestt - DEBUG - Receive from parent_transcription_pipe after sendiung transcription request, transcribe_count: 1
2026-09-14 16:57:05.456 - RealTimeSTT: realtimestt - DEBUG - Receive from parent_transcription_pipe after sendiung transcription request, transcribe_count: 1
2026-09-14 16:57:05.566 - RealTimeSTT: realtimestt - DEBUG - Receive from parent_transcription_pipe after sendiung transcription request, transcribe_count: 1
2026-09-14 16:57:05.677 - RealTimeSTT: realtimestt - DEBUG - Receive from parent_transcription_pipe after sendiung transcription request, transcribe_count: 1
2026-09-14 16:57:05.788 - RealTimeSTT: realtimestt - DEBUG - Receive from parent_transcription_pipe after sendiung transcription request, transcribe_count: 1
2026-09-14 16:57:05.898 - RealTimeSTT: realtimestt - DEBUG - Receive from parent_transcription_pipe after sendiung transcription request, transcribe_count: 1
2026-09-14 16:57:06.007 - RealTimeSTT: realtimestt - DEBUG - Receive from parent_transcription_pipe after sendiung transcription request, transcribe_count: 1
2026-09-14 16:57:06.116 - RealTimeSTT: realtimestt - DEBUG - Receive from parent_transcription_pipe after sendiung transcription request, transcribe_count: 1
2026-09-14 16:57:06.227 - RealTimeSTT: realtimestt - DEBUG - Receive from parent_transcription_pipe after sendiung transcription request, transcribe_count: 1
2026-09-14 16:57:06.337 - RealTimeSTT: realtimestt - DEBUG - Receive from parent_transcription_pipe after sendiung transcription request, transcribe_count: 1
2026-09-14 16:57:06.447 - RealTimeSTT: realtimestt - DEBUG - Receive from parent_transcription_pipe after sendiung transcription request, transcribe_count: 1
2026-09-14 16:57:06.556 - RealTimeSTT: realtimestt - DEBUG - Receive from parent_transcription_pipe after sendiung transcription request, transcribe_count: 1
2026-09-14 16:57:06.667 - RealTimeSTT: realtimestt - DEBUG - Receive from parent_transcription_pipe after sendiung transcription request, transcribe_count: 1
2026-09-14 16:57:06.779 - RealTimeSTT: realtimestt - DEBUG - Receive from parent_transcription_pipe after sendiung transcription request, transcribe_count: 1
2026-09-14 16:57:06.846 - RealTimeSTT: realtimestt - INFO - State changed from 'transcribing' to 'inactive'
2026-09-14 16:57:06.847 - RealTimeSTT: realtimestt - DEBUG - Model small completed transcription in 1.72 seconds
2026-09-14 16:57:06.847 - RealTimeSTT: realtimestt - INFO - Setting listen time
2026-09-14 16:57:06.847 - RealTimeSTT: realtimestt - INFO - State changed from 'inactive' to 'listening'
2026-09-14 16:57:06.848 - RealTimeSTT: realtimestt - DEBUG - Waiting for recording start
2026-09-14 16:57:07.234 - RealTimeSTT: realtimestt - INFO - voice activity detected
2026-09-14 16:57:07.235 - RealTimeSTT: realtimestt - INFO - recording started
2026-09-14 16:57:07.235 - RealTimeSTT: realtimestt - INFO - State changed from 'listening' to 'recording'
2026-09-14 16:57:07.235 - RealTimeSTT: realtimestt - DEBUG - Waiting for recording stop
2026-09-14 16:57:11.146 - RealTimeSTT: realtimestt - INFO - recording stopped
2026-09-14 16:57:11.148 - RealTimeSTT: realtimestt - DEBUG - No samples removed, final audio length: 78848
2026-09-14 16:57:11.148 - RealTimeSTT: realtimestt - INFO - State changed from 'recording' to 'inactive'
2026-09-14 16:57:11.148 - RealTimeSTT: realtimestt - INFO - State changed from 'inactive' to 'transcribing'
2026-09-14 16:57:11.148 - RealTimeSTT: realtimestt - DEBUG - Adding transcription request, no early transcription started
2026-09-14 16:57:11.149 - RealTimeSTT: realtimestt - DEBUG - Receive from parent_transcription_pipe after sendiung transcription request, transcribe_count: 1
2026-09-14 16:57:11.255 - RealTimeSTT: realtimestt - DEBUG - Receive from parent_transcription_pipe after sendiung transcription request, transcribe_count: 1
2026-09-14 16:57:11.365 - RealTimeSTT: realtimestt - DEBUG - Receive from parent_transcription_pipe after sendiung transcription request, transcribe_count: 1
2026-09-14 16:57:11.476 - RealTimeSTT: realtimestt - DEBUG - Receive from parent_transcription_pipe after sendiung transcription request, transcribe_count: 1
2026-09-14 16:57:11.587 - RealTimeSTT: realtimestt - DEBUG - Receive from parent_transcription_pipe after sendiung transcription request, transcribe_count: 1
2026-09-14 16:57:11.694 - RealTimeSTT: realtimestt - DEBUG - Receive from parent_transcription_pipe after sendiung transcription request, transcribe_count: 1
2026-09-14 16:57:11.800 - RealTimeSTT: realtimestt - DEBUG - Receive from parent_transcription_pipe after sendiung transcription request, transcribe_count: 1
2026-09-14 16:57:11.910 - RealTimeSTT: realtimestt - DEBUG - Receive from parent_transcription_pipe after sendiung transcription request, transcribe_count: 1
2026-09-14 16:57:12.020 - RealTimeSTT: realtimestt - DEBUG - Receive from parent_transcription_pipe after sendiung transcription request, transcribe_count: 1
2026-09-14 16:57:12.130 - RealTimeSTT: realtimestt - DEBUG - Receive from parent_transcription_pipe after sendiung transcription request, transcribe_count: 1
2026-09-14 16:57:12.242 - RealTimeSTT: realtimestt - DEBUG - Receive from parent_transcription_pipe after sendiung transcription request, transcribe_count: 1
2026-09-14 16:57:12.354 - RealTimeSTT: realtimestt - DEBUG - Receive from parent_transcription_pipe after sendiung transcription request, transcribe_count: 1
2026-09-14 16:57:12.463 - RealTimeSTT: realtimestt - DEBUG - Receive from parent_transcription_pipe after sendiung transcription request, transcribe_count: 1
2026-09-14 16:57:12.574 - RealTimeSTT: realtimestt - DEBUG - Receive from parent_transcription_pipe after sendiung transcription request, transcribe_count: 1
2026-09-14 16:57:12.684 - RealTimeSTT: realtimestt - DEBUG - Receive from parent_transcription_pipe after sendiung transcription request, transcribe_count: 1
2026-09-14 16:57:12.793 - RealTimeSTT: realtimestt - DEBUG - Receive from parent_transcription_pipe after sendiung transcription request, transcribe_count: 1
2026-09-14 16:57:12.862 - RealTimeSTT: realtimestt - INFO - State changed from 'transcribing' to 'inactive'
2026-09-14 16:57:12.864 - RealTimeSTT: realtimestt - DEBUG - Model small completed transcription in 1.72 seconds
2026-09-14 16:57:12.864 - RealTimeSTT: realtimestt - INFO - Setting listen time
2026-09-14 16:57:12.864 - RealTimeSTT: realtimestt - INFO - State changed from 'inactive' to 'listening'
2026-09-14 16:57:12.864 - RealTimeSTT: realtimestt - DEBUG - Waiting for recording start
2026-09-14 16:57:13.316 - RealTimeSTT: realtimestt - INFO - voice activity detected
2026-09-14 16:57:13.316 - RealTimeSTT: realtimestt - INFO - recording started
2026-09-14 16:57:13.316 - RealTimeSTT: realtimestt - INFO - State changed from 'listening' to 'recording'
2026-09-14 16:57:13.316 - RealTimeSTT: realtimestt - DEBUG - Waiting for recording stop
2026-09-14 16:57:16.646 - RealTimeSTT: realtimestt - INFO - recording stopped
2026-09-14 16:57:16.648 - RealTimeSTT: realtimestt - DEBUG - No samples removed, final audio length: 69632
2026-09-14 16:57:16.648 - RealTimeSTT: realtimestt - INFO - State changed from 'recording' to 'inactive'
2026-09-14 16:57:16.648 - RealTimeSTT: realtimestt - INFO - State changed from 'inactive' to 'transcribing'
2026-09-14 16:57:16.648 - RealTimeSTT: realtimestt - DEBUG - Adding transcription request, no early transcription started
2026-09-14 16:57:16.666 - RealTimeSTT: realtimestt - DEBUG - Receive from parent_transcription_pipe after sendiung transcription request, transcribe_count: 1
2026-09-14 16:57:16.772 - RealTimeSTT: realtimestt - DEBUG - Receive from parent_transcription_pipe after sendiung transcription request, transcribe_count: 1
2026-09-14 16:57:16.881 - RealTimeSTT: realtimestt - DEBUG - Receive from parent_transcription_pipe after sendiung transcription request, transcribe_count: 1
2026-09-14 16:57:16.992 - RealTimeSTT: realtimestt - DEBUG - Receive from parent_transcription_pipe after sendiung transcription request, transcribe_count: 1
2026-09-14 16:57:17.103 - RealTimeSTT: realtimestt - DEBUG - Receive from parent_transcription_pipe after sendiung transcription request, transcribe_count: 1
2026-09-14 16:57:17.212 - RealTimeSTT: realtimestt - DEBUG - Receive from parent_transcription_pipe after sendiung transcription request, transcribe_count: 1
2026-09-14 16:57:17.321 - RealTimeSTT: realtimestt - DEBUG - Receive from parent_transcription_pipe after sendiung transcription request, transcribe_count: 1
2026-09-14 16:57:17.430 - RealTimeSTT: realtimestt - DEBUG - Receive from parent_transcription_pipe after sendiung transcription request, transcribe_count: 1
2026-09-14 16:57:17.539 - RealTimeSTT: realtimestt - DEBUG - Receive from parent_transcription_pipe after sendiung transcription request, transcribe_count: 1
2026-09-14 16:57:17.649 - RealTimeSTT: realtimestt - DEBUG - Receive from parent_transcription_pipe after sendiung transcription request, transcribe_count: 1
2026-09-14 16:57:17.758 - RealTimeSTT: realtimestt - DEBUG - Receive from parent_transcription_pipe after sendiung transcription request, transcribe_count: 1
2026-09-14 16:57:17.868 - RealTimeSTT: realtimestt - DEBUG - Receive from parent_transcription_pipe after sendiung transcription request, transcribe_count: 1
2026-09-14 16:57:17.978 - RealTimeSTT: realtimestt - DEBUG - Receive from parent_transcription_pipe after sendiung transcription request, transcribe_count: 1
2026-09-14 16:57:18.088 - RealTimeSTT: realtimestt - DEBUG - Receive from parent_transcription_pipe after sendiung transcription request, transcribe_count: 1
2026-09-14 16:57:18.198 - RealTimeSTT: realtimestt - DEBUG - Receive from parent_transcription_pipe after sendiung transcription request, transcribe_count: 1
2026-09-14 16:57:18.307 - RealTimeSTT: realtimestt - DEBUG - Receive from parent_transcription_pipe after sendiung transcription request, transcribe_count: 1
2026-09-14 16:57:18.378 - RealTimeSTT: realtimestt - INFO - State changed from 'transcribing' to 'inactive'
2026-09-14 16:57:18.378 - RealTimeSTT: realtimestt - DEBUG - Model small completed transcription in 1.73 seconds
2026-09-14 16:57:18.379 - RealTimeSTT: realtimestt - INFO - Setting listen time
2026-09-14 16:57:18.379 - RealTimeSTT: realtimestt - INFO - State changed from 'inactive' to 'listening'
2026-09-14 16:57:18.379 - RealTimeSTT: realtimestt - DEBUG - Waiting for recording start
2026-09-14 16:57:18.885 - RealTimeSTT: realtimestt - INFO - voice activity detected
2026-09-14 16:57:18.885 - RealTimeSTT: realtimestt - INFO - recording started
2026-09-14 16:57:18.885 - RealTimeSTT: realtimestt - INFO - State changed from 'listening' to 'recording'
2026-09-14 16:57:18.885 - RealTimeSTT: realtimestt - DEBUG - Waiting for recording stop
2026-09-14 16:57:22.916 - RealTimeSTT: realtimestt - INFO - recording stopped
2026-09-14 16:57:22.917 - RealTimeSTT: realtimestt - DEBUG - No samples removed, final audio length: 80896
2026-09-14 16:57:22.917 - RealTimeSTT: realtimestt - INFO - State changed from 'recording' to 'inactive'
2026-09-14 16:57:22.918 - RealTimeSTT: realtimestt - INFO - State changed from 'inactive' to 'transcribing'
2026-09-14 16:57:22.918 - RealTimeSTT: realtimestt - DEBUG - Adding transcription request, no early transcription started
2026-09-14 16:57:22.918 - RealTimeSTT: realtimestt - DEBUG - Receive from parent_transcription_pipe after sendiung transcription request, transcribe_count: 1
2026-09-14 16:57:23.019 - RealTimeSTT: realtimestt - DEBUG - Receive from parent_transcription_pipe after sendiung transcription request, transcribe_count: 1
2026-09-14 16:57:23.128 - RealTimeSTT: realtimestt - DEBUG - Receive from parent_transcription_pipe after sendiung transcription request, transcribe_count: 1
2026-09-14 16:57:23.238 - RealTimeSTT: realtimestt - DEBUG - Receive from parent_transcription_pipe after sendiung transcription request, transcribe_count: 1
2026-09-14 16:57:23.348 - RealTimeSTT: realtimestt - DEBUG - Receive from parent_transcription_pipe after sendiung transcription request, transcribe_count: 1
2026-09-14 16:57:23.459 - RealTimeSTT: realtimestt - DEBUG - Receive from parent_transcription_pipe after sendiung transcription request, transcribe_count: 1
2026-09-14 16:57:23.569 - RealTimeSTT: realtimestt - DEBUG - Receive from parent_transcription_pipe after sendiung transcription request, transcribe_count: 1
2026-09-14 16:57:23.679 - RealTimeSTT: realtimestt - DEBUG - Receive from parent_transcription_pipe after sendiung transcription request, transcribe_count: 1
2026-09-14 16:57:23.789 - RealTimeSTT: realtimestt - DEBUG - Receive from parent_transcription_pipe after sendiung transcription request, transcribe_count: 1
2026-09-14 16:57:23.899 - RealTimeSTT: realtimestt - DEBUG - Receive from parent_transcription_pipe after sendiung transcription request, transcribe_count: 1
2026-09-14 16:57:24.008 - RealTimeSTT: realtimestt - DEBUG - Receive from parent_transcription_pipe after sendiung transcription request, transcribe_count: 1
2026-09-14 16:57:24.118 - RealTimeSTT: realtimestt - DEBUG - Receive from parent_transcription_pipe after sendiung transcription request, transcribe_count: 1
2026-09-14 16:57:24.226 - RealTimeSTT: realtimestt - DEBUG - Receive from parent_transcription_pipe after sendiung transcription request, transcribe_count: 1
2026-09-14 16:57:24.336 - RealTimeSTT: realtimestt - DEBUG - Receive from parent_transcription_pipe after sendiung transcription request, transcribe_count: 1
2026-09-14 16:57:24.445 - RealTimeSTT: realtimestt - DEBUG - Receive from parent_transcription_pipe after sendiung transcription request, transcribe_count: 1
2026-09-14 16:57:24.554 - RealTimeSTT: realtimestt - DEBUG - Receive from parent_transcription_pipe after sendiung transcription request, transcribe_count: 1
2026-09-14 16:57:24.584 - RealTimeSTT: realtimestt - INFO - State changed from 'transcribing' to 'inactive'
2026-09-14 16:57:24.585 - RealTimeSTT: realtimestt - DEBUG - Model small completed transcription in 1.67 seconds
2026-09-14 16:57:24.585 - RealTimeSTT: realtimestt - INFO - Setting listen time
2026-09-14 16:57:24.585 - RealTimeSTT: realtimestt - INFO - State changed from 'inactive' to 'listening'
2026-09-14 16:57:24.585 - RealTimeSTT: realtimestt - DEBUG - Waiting for recording start
2026-09-14 16:57:26.116 - RealTimeSTT: realtimestt - INFO - voice activity detected
2026-09-14 16:57:26.116 - RealTimeSTT: realtimestt - INFO - recording started
2026-09-14 16:57:26.116 - RealTimeSTT: realtimestt - INFO - State changed from 'listening' to 'recording'
2026-09-14 16:57:26.116 - RealTimeSTT: realtimestt - DEBUG - Waiting for recording stop
2026-09-14 16:57:27.466 - RealTimeSTT: realtimestt - INFO - recording stopped
2026-09-14 16:57:27.467 - RealTimeSTT: realtimestt - DEBUG - No samples removed, final audio length: 37888
2026-09-14 16:57:27.467 - RealTimeSTT: realtimestt - INFO - State changed from 'recording' to 'inactive'
2026-09-14 16:57:27.467 - RealTimeSTT: realtimestt - INFO - State changed from 'inactive' to 'transcribing'
2026-09-14 16:57:27.467 - RealTimeSTT: realtimestt - DEBUG - Adding transcription request, no early transcription started
2026-09-14 16:57:27.468 - RealTimeSTT: realtimestt - DEBUG - Receive from parent_transcription_pipe after sendiung transcription request, transcribe_count: 1
2026-09-14 16:57:27.580 - RealTimeSTT: realtimestt - DEBUG - Receive from parent_transcription_pipe after sendiung transcription request, transcribe_count: 1
2026-09-14 16:57:27.690 - RealTimeSTT: realtimestt - DEBUG - Receive from parent_transcription_pipe after sendiung transcription request, transcribe_count: 1
2026-09-14 16:57:27.802 - RealTimeSTT: realtimestt - DEBUG - Receive from parent_transcription_pipe after sendiung transcription request, transcribe_count: 1
2026-09-14 16:57:27.911 - RealTimeSTT: realtimestt - DEBUG - Receive from parent_transcription_pipe after sendiung transcription request, transcribe_count: 1
2026-09-14 16:57:28.021 - RealTimeSTT: realtimestt - DEBUG - Receive from parent_transcription_pipe after sendiung transcription request, transcribe_count: 1
2026-09-14 16:57:28.132 - RealTimeSTT: realtimestt - DEBUG - Receive from parent_transcription_pipe after sendiung transcription request, transcribe_count: 1
2026-09-14 16:57:28.242 - RealTimeSTT: realtimestt - DEBUG - Receive from parent_transcription_pipe after sendiung transcription request, transcribe_count: 1
2026-09-14 16:57:28.354 - RealTimeSTT: realtimestt - DEBUG - Receive from parent_transcription_pipe after sendiung transcription request, transcribe_count: 1
2026-09-14 16:57:28.464 - RealTimeSTT: realtimestt - DEBUG - Receive from parent_transcription_pipe after sendiung transcription request, transcribe_count: 1
2026-09-14 16:57:28.575 - RealTimeSTT: realtimestt - DEBUG - Receive from parent_transcription_pipe after sendiung transcription request, transcribe_count: 1
2026-09-14 16:57:28.685 - RealTimeSTT: realtimestt - DEBUG - Receive from parent_transcription_pipe after sendiung transcription request, transcribe_count: 1
2026-09-14 16:57:28.795 - RealTimeSTT: realtimestt - DEBUG - Receive from parent_transcription_pipe after sendiung transcription request, transcribe_count: 1
2026-09-14 16:57:28.904 - RealTimeSTT: realtimestt - DEBUG - Receive from parent_transcription_pipe after sendiung transcription request, transcribe_count: 1
2026-09-14 16:57:29.016 - RealTimeSTT: realtimestt - DEBUG - Receive from parent_transcription_pipe after sendiung transcription request, transcribe_count: 1
2026-09-14 16:57:29.058 - RealTimeSTT: realtimestt - INFO - State changed from 'transcribing' to 'inactive'
2026-09-14 16:57:29.059 - RealTimeSTT: realtimestt - DEBUG - Model small completed transcription in 1.59 seconds
2026-09-14 16:57:29.059 - RealTimeSTT: realtimestt - INFO - Setting listen time
2026-09-14 16:57:29.059 - RealTimeSTT: realtimestt - INFO - State changed from 'inactive' to 'listening'
2026-09-14 16:57:29.059 - RealTimeSTT: realtimestt - DEBUG - Waiting for recording start
2026-09-14 16:57:30.405 - RealTimeSTT: realtimestt - INFO - voice activity detected
2026-09-14 16:57:30.405 - RealTimeSTT: realtimestt - INFO - recording started
2026-09-14 16:57:30.405 - RealTimeSTT: realtimestt - INFO - State changed from 'listening' to 'recording'
2026-09-14 16:57:30.405 - RealTimeSTT: realtimestt - DEBUG - Waiting for recording stop
2026-09-14 16:57:31.624 - RealTimeSTT: realtimestt - INFO - recording stopped
2026-09-14 16:57:31.626 - RealTimeSTT: realtimestt - DEBUG - No samples removed, final audio length: 35840
2026-09-14 16:57:31.626 - RealTimeSTT: realtimestt - INFO - State changed from 'recording' to 'inactive'
2026-09-14 16:57:31.626 - RealTimeSTT: realtimestt - INFO - State changed from 'inactive' to 'transcribing'
2026-09-14 16:57:31.626 - RealTimeSTT: realtimestt - DEBUG - Adding transcription request, no early transcription started
2026-09-14 16:57:31.626 - RealTimeSTT: realtimestt - DEBUG - Receive from parent_transcription_pipe after sendiung transcription request, transcribe_count: 1
2026-09-14 16:57:31.732 - RealTimeSTT: realtimestt - DEBUG - Receive from parent_transcription_pipe after sendiung transcription request, transcribe_count: 1
2026-09-14 16:57:31.841 - RealTimeSTT: realtimestt - DEBUG - Receive from parent_transcription_pipe after sendiung transcription request, transcribe_count: 1
2026-09-14 16:57:31.952 - RealTimeSTT: realtimestt - DEBUG - Receive from parent_transcription_pipe after sendiung transcription request, transcribe_count: 1
2026-09-14 16:57:32.061 - RealTimeSTT: realtimestt - DEBUG - Receive from parent_transcription_pipe after sendiung transcription request, transcribe_count: 1
2026-09-14 16:57:32.171 - RealTimeSTT: realtimestt - DEBUG - Receive from parent_transcription_pipe after sendiung transcription request, transcribe_count: 1
2026-09-14 16:57:32.280 - RealTimeSTT: realtimestt - DEBUG - Receive from parent_transcription_pipe after sendiung transcription request, transcribe_count: 1
2026-09-14 16:57:32.389 - RealTimeSTT: realtimestt - DEBUG - Receive from parent_transcription_pipe after sendiung transcription request, transcribe_count: 1
2026-09-14 16:57:32.498 - RealTimeSTT: realtimestt - DEBUG - Receive from parent_transcription_pipe after sendiung transcription request, transcribe_count: 1
2026-09-14 16:57:32.610 - RealTimeSTT: realtimestt - DEBUG - Receive from parent_transcription_pipe after sendiung transcription request, transcribe_count: 1
2026-09-14 16:57:32.721 - RealTimeSTT: realtimestt - DEBUG - Receive from parent_transcription_pipe after sendiung transcription request, transcribe_count: 1
2026-09-14 16:57:32.831 - RealTimeSTT: realtimestt - DEBUG - Receive from parent_transcription_pipe after sendiung transcription request, transcribe_count: 1
2026-09-14 16:57:32.942 - RealTimeSTT: realtimestt - DEBUG - Receive from parent_transcription_pipe after sendiung transcription request, transcribe_count: 1
2026-09-14 16:57:33.053 - RealTimeSTT: realtimestt - DEBUG - Receive from parent_transcription_pipe after sendiung transcription request, transcribe_count: 1
2026-09-14 16:57:33.110 - RealTimeSTT: realtimestt - INFO - State changed from 'transcribing' to 'inactive'
2026-09-14 16:57:33.110 - RealTimeSTT: realtimestt - DEBUG - Model small completed transcription in 1.48 seconds
2026-09-14 16:57:33.111 - RealTimeSTT: realtimestt - INFO - Setting listen time
2026-09-14 16:57:33.111 - RealTimeSTT: realtimestt - INFO - State changed from 'inactive' to 'listening'
2026-09-14 16:57:33.111 - RealTimeSTT: realtimestt - DEBUG - Waiting for recording start
2026-09-14 16:57:34.056 - RealTimeSTT: realtimestt - INFO - voice activity detected
2026-09-14 16:57:34.056 - RealTimeSTT: realtimestt - INFO - recording started
2026-09-14 16:57:34.056 - RealTimeSTT: realtimestt - INFO - State changed from 'listening' to 'recording'
2026-09-14 16:57:34.056 - RealTimeSTT: realtimestt - DEBUG - Waiting for recording stop
2026-09-14 16:57:38.725 - RealTimeSTT: realtimestt - INFO - recording stopped
2026-09-14 16:57:38.726 - RealTimeSTT: realtimestt - DEBUG - No samples removed, final audio length: 91136
2026-09-14 16:57:38.726 - RealTimeSTT: realtimestt - INFO - State changed from 'recording' to 'inactive'
2026-09-14 16:57:38.726 - RealTimeSTT: realtimestt - INFO - State changed from 'inactive' to 'transcribing'
2026-09-14 16:57:38.726 - RealTimeSTT: realtimestt - DEBUG - Adding transcription request, no early transcription started
2026-09-14 16:57:38.745 - RealTimeSTT: realtimestt - DEBUG - Receive from parent_transcription_pipe after sendiung transcription request, transcribe_count: 1
2026-09-14 16:57:38.851 - RealTimeSTT: realtimestt - DEBUG - Receive from parent_transcription_pipe after sendiung transcription request, transcribe_count: 1
2026-09-14 16:57:38.961 - RealTimeSTT: realtimestt - DEBUG - Receive from parent_transcription_pipe after sendiung transcription request, transcribe_count: 1
2026-09-14 16:57:39.070 - RealTimeSTT: realtimestt - DEBUG - Receive from parent_transcription_pipe after sendiung transcription request, transcribe_count: 1
2026-09-14 16:57:39.182 - RealTimeSTT: realtimestt - DEBUG - Receive from parent_transcription_pipe after sendiung transcription request, transcribe_count: 1
2026-09-14 16:57:39.291 - RealTimeSTT: realtimestt - DEBUG - Receive from parent_transcription_pipe after sendiung transcription request, transcribe_count: 1
2026-09-14 16:57:39.402 - RealTimeSTT: realtimestt - DEBUG - Receive from parent_transcription_pipe after sendiung transcription request, transcribe_count: 1
2026-09-14 16:57:39.513 - RealTimeSTT: realtimestt - DEBUG - Receive from parent_transcription_pipe after sendiung transcription request, transcribe_count: 1
2026-09-14 16:57:39.623 - RealTimeSTT: realtimestt - DEBUG - Receive from parent_transcription_pipe after sendiung transcription request, transcribe_count: 1
2026-09-14 16:57:39.734 - RealTimeSTT: realtimestt - DEBUG - Receive from parent_transcription_pipe after sendiung transcription request, transcribe_count: 1
2026-09-14 16:57:39.844 - RealTimeSTT: realtimestt - DEBUG - Receive from parent_transcription_pipe after sendiung transcription request, transcribe_count: 1
2026-09-14 16:57:39.954 - RealTimeSTT: realtimestt - DEBUG - Receive from parent_transcription_pipe after sendiung transcription request, transcribe_count: 1
2026-09-14 16:57:40.066 - RealTimeSTT: realtimestt - DEBUG - Receive from parent_transcription_pipe after sendiung transcription request, transcribe_count: 1
2026-09-14 16:57:40.178 - RealTimeSTT: realtimestt - DEBUG - Receive from parent_transcription_pipe after sendiung transcription request, transcribe_count: 1
2026-09-14 16:57:40.287 - RealTimeSTT: realtimestt - DEBUG - Receive from parent_transcription_pipe after sendiung transcription request, transcribe_count: 1
2026-09-14 16:57:40.397 - RealTimeSTT: realtimestt - DEBUG - Receive from parent_transcription_pipe after sendiung transcription request, transcribe_count: 1
2026-09-14 16:57:40.507 - RealTimeSTT: realtimestt - DEBUG - Receive from parent_transcription_pipe after sendiung transcription request, transcribe_count: 1
2026-09-14 16:57:40.563 - RealTimeSTT: realtimestt - INFO - State changed from 'transcribing' to 'inactive'
2026-09-14 16:57:40.564 - RealTimeSTT: realtimestt - DEBUG - Model small completed transcription in 1.84 seconds
2026-09-14 16:57:40.564 - RealTimeSTT: realtimestt - INFO - Setting listen time
2026-09-14 16:57:40.564 - RealTimeSTT: realtimestt - INFO - State changed from 'inactive' to 'listening'
2026-09-14 16:57:40.564 - RealTimeSTT: realtimestt - DEBUG - Waiting for recording start
2026-09-14 16:57:41.284 - RealTimeSTT: realtimestt - INFO - voice activity detected
2026-09-14 16:57:41.284 - RealTimeSTT: realtimestt - INFO - recording started
2026-09-14 16:57:41.284 - RealTimeSTT: realtimestt - INFO - State changed from 'listening' to 'recording'
2026-09-14 16:57:41.284 - RealTimeSTT: realtimestt - DEBUG - Waiting for recording stop
2026-09-14 16:57:42.506 - RealTimeSTT: realtimestt - INFO - recording stopped
2026-09-14 16:57:42.507 - RealTimeSTT: realtimestt - DEBUG - No samples removed, final audio length: 35840
2026-09-14 16:57:42.507 - RealTimeSTT: realtimestt - INFO - State changed from 'recording' to 'inactive'
2026-09-14 16:57:42.507 - RealTimeSTT: realtimestt - INFO - State changed from 'inactive' to 'transcribing'
2026-09-14 16:57:42.508 - RealTimeSTT: realtimestt - DEBUG - Adding transcription request, no early transcription started
2026-09-14 16:57:42.512 - RealTimeSTT: realtimestt - DEBUG - Receive from parent_transcription_pipe after sendiung transcription request, transcribe_count: 1
2026-09-14 16:57:42.618 - RealTimeSTT: realtimestt - DEBUG - Receive from parent_transcription_pipe after sendiung transcription request, transcribe_count: 1
2026-09-14 16:57:42.729 - RealTimeSTT: realtimestt - DEBUG - Receive from parent_transcription_pipe after sendiung transcription request, transcribe_count: 1
2026-09-14 16:57:42.838 - RealTimeSTT: realtimestt - DEBUG - Receive from parent_transcription_pipe after sendiung transcription request, transcribe_count: 1
2026-09-14 16:57:42.947 - RealTimeSTT: realtimestt - DEBUG - Receive from parent_transcription_pipe after sendiung transcription request, transcribe_count: 1
2026-09-14 16:57:43.057 - RealTimeSTT: realtimestt - DEBUG - Receive from parent_transcription_pipe after sendiung transcription request, transcribe_count: 1
2026-09-14 16:57:43.169 - RealTimeSTT: realtimestt - DEBUG - Receive from parent_transcription_pipe after sendiung transcription request, transcribe_count: 1
2026-09-14 16:57:43.280 - RealTimeSTT: realtimestt - DEBUG - Receive from parent_transcription_pipe after sendiung transcription request, transcribe_count: 1
2026-09-14 16:57:43.389 - RealTimeSTT: realtimestt - DEBUG - Receive from parent_transcription_pipe after sendiung transcription request, transcribe_count: 1
2026-09-14 16:57:43.498 - RealTimeSTT: realtimestt - DEBUG - Receive from parent_transcription_pipe after sendiung transcription request, transcribe_count: 1
2026-09-14 16:57:43.607 - RealTimeSTT: realtimestt - DEBUG - Receive from parent_transcription_pipe after sendiung transcription request, transcribe_count: 1
2026-09-14 16:57:43.717 - RealTimeSTT: realtimestt - DEBUG - Receive from parent_transcription_pipe after sendiung transcription request, transcribe_count: 1
2026-09-14 16:57:43.825 - RealTimeSTT: realtimestt - DEBUG - Receive from parent_transcription_pipe after sendiung transcription request, transcribe_count: 1
2026-09-14 16:57:43.936 - RealTimeSTT: realtimestt - DEBUG - Receive from parent_transcription_pipe after sendiung transcription request, transcribe_count: 1
2026-09-14 16:57:44.048 - RealTimeSTT: realtimestt - DEBUG - Receive from parent_transcription_pipe after sendiung transcription request, transcribe_count: 1
2026-09-14 16:57:44.086 - RealTimeSTT: realtimestt - INFO - State changed from 'transcribing' to 'inactive'
2026-09-14 16:57:44.087 - RealTimeSTT: realtimestt - DEBUG - Model small completed transcription in 1.58 seconds
2026-09-14 16:57:44.087 - RealTimeSTT: realtimestt - INFO - Setting listen time
2026-09-14 16:57:44.087 - RealTimeSTT: realtimestt - INFO - State changed from 'inactive' to 'listening'
2026-09-14 16:57:44.087 - RealTimeSTT: realtimestt - DEBUG - Waiting for recording start
2026-09-14 16:57:44.554 - RealTimeSTT: realtimestt - INFO - voice activity detected
2026-09-14 16:57:44.554 - RealTimeSTT: realtimestt - INFO - recording started
2026-09-14 16:57:44.554 - RealTimeSTT: realtimestt - INFO - State changed from 'listening' to 'recording'
2026-09-14 16:57:44.554 - RealTimeSTT: realtimestt - DEBUG - Waiting for recording stop
2026-09-14 16:57:47.495 - RealTimeSTT: realtimestt - INFO - recording stopped
2026-09-14 16:57:47.496 - RealTimeSTT: realtimestt - DEBUG - No samples removed, final audio length: 63488
2026-09-14 16:57:47.496 - RealTimeSTT: realtimestt - INFO - State changed from 'recording' to 'inactive'
2026-09-14 16:57:47.496 - RealTimeSTT: realtimestt - INFO - State changed from 'inactive' to 'transcribing'
2026-09-14 16:57:47.496 - RealTimeSTT: realtimestt - DEBUG - Adding transcription request, no early transcription started
2026-09-14 16:57:47.516 - RealTimeSTT: realtimestt - DEBUG - Receive from parent_transcription_pipe after sendiung transcription request, transcribe_count: 1
2026-09-14 16:57:47.621 - RealTimeSTT: realtimestt - DEBUG - Receive from parent_transcription_pipe after sendiung transcription request, transcribe_count: 1
2026-09-14 16:57:47.730 - RealTimeSTT: realtimestt - DEBUG - Receive from parent_transcription_pipe after sendiung transcription request, transcribe_count: 1
2026-09-14 16:57:47.839 - RealTimeSTT: realtimestt - DEBUG - Receive from parent_transcription_pipe after sendiung transcription request, transcribe_count: 1
2026-09-14 16:57:47.948 - RealTimeSTT: realtimestt - DEBUG - Receive from parent_transcription_pipe after sendiung transcription request, transcribe_count: 1
2026-09-14 16:57:48.060 - RealTimeSTT: realtimestt - DEBUG - Receive from parent_transcription_pipe after sendiung transcription request, transcribe_count: 1
2026-09-14 16:57:48.170 - RealTimeSTT: realtimestt - DEBUG - Receive from parent_transcription_pipe after sendiung transcription request, transcribe_count: 1
2026-09-14 16:57:48.280 - RealTimeSTT: realtimestt - DEBUG - Receive from parent_transcription_pipe after sendiung transcription request, transcribe_count: 1
2026-09-14 16:57:48.389 - RealTimeSTT: realtimestt - DEBUG - Receive from parent_transcription_pipe after sendiung transcription request, transcribe_count: 1
2026-09-14 16:57:48.500 - RealTimeSTT: realtimestt - DEBUG - Receive from parent_transcription_pipe after sendiung transcription request, transcribe_count: 1
2026-09-14 16:57:48.611 - RealTimeSTT: realtimestt - DEBUG - Receive from parent_transcription_pipe after sendiung transcription request, transcribe_count: 1
2026-09-14 16:57:48.719 - RealTimeSTT: realtimestt - DEBUG - Receive from parent_transcription_pipe after sendiung transcription request, transcribe_count: 1
2026-09-14 16:57:48.829 - RealTimeSTT: realtimestt - DEBUG - Receive from parent_transcription_pipe after sendiung transcription request, transcribe_count: 1
2026-09-14 16:57:48.936 - RealTimeSTT: realtimestt - DEBUG - Receive from parent_transcription_pipe after sendiung transcription request, transcribe_count: 1
2026-09-14 16:57:49.047 - RealTimeSTT: realtimestt - DEBUG - Receive from parent_transcription_pipe after sendiung transcription request, transcribe_count: 1
2026-09-14 16:57:49.158 - RealTimeSTT: realtimestt - DEBUG - Receive from parent_transcription_pipe after sendiung transcription request, transcribe_count: 1
2026-09-14 16:57:49.172 - RealTimeSTT: realtimestt - INFO - State changed from 'transcribing' to 'inactive'
2026-09-14 16:57:49.173 - RealTimeSTT: realtimestt - DEBUG - Model small completed transcription in 1.68 seconds
2026-09-14 16:57:49.173 - RealTimeSTT: realtimestt - INFO - Setting listen time
2026-09-14 16:57:49.173 - RealTimeSTT: realtimestt - INFO - State changed from 'inactive' to 'listening'
2026-09-14 16:57:49.174 - RealTimeSTT: realtimestt - DEBUG - Waiting for recording start
2026-09-14 16:57:50.955 - RealTimeSTT: realtimestt - INFO - voice activity detected
2026-09-14 16:57:50.955 - RealTimeSTT: realtimestt - INFO - recording started
2026-09-14 16:57:50.955 - RealTimeSTT: realtimestt - INFO - State changed from 'listening' to 'recording'
2026-09-14 16:57:50.955 - RealTimeSTT: realtimestt - DEBUG - Waiting for recording stop
2026-09-14 16:57:55.365 - RealTimeSTT: realtimestt - INFO - recording stopped
2026-09-14 16:57:55.366 - RealTimeSTT: realtimestt - DEBUG - No samples removed, final audio length: 87040
2026-09-14 16:57:55.366 - RealTimeSTT: realtimestt - INFO - State changed from 'recording' to 'inactive'
2026-09-14 16:57:55.366 - RealTimeSTT: realtimestt - INFO - State changed from 'inactive' to 'transcribing'
2026-09-14 16:57:55.366 - RealTimeSTT: realtimestt - DEBUG - Adding transcription request, no early transcription started
2026-09-14 16:57:55.375 - RealTimeSTT: realtimestt - DEBUG - Receive from parent_transcription_pipe after sendiung transcription request, transcribe_count: 1
2026-09-14 16:57:55.480 - RealTimeSTT: realtimestt - DEBUG - Receive from parent_transcription_pipe after sendiung transcription request, transcribe_count: 1
2026-09-14 16:57:55.590 - RealTimeSTT: realtimestt - DEBUG - Receive from parent_transcription_pipe after sendiung transcription request, transcribe_count: 1
2026-09-14 16:57:55.700 - RealTimeSTT: realtimestt - DEBUG - Receive from parent_transcription_pipe after sendiung transcription request, transcribe_count: 1
2026-09-14 16:57:55.810 - RealTimeSTT: realtimestt - DEBUG - Receive from parent_transcription_pipe after sendiung transcription request, transcribe_count: 1
2026-09-14 16:57:55.918 - RealTimeSTT: realtimestt - DEBUG - Receive from parent_transcription_pipe after sendiung transcription request, transcribe_count: 1
2026-09-14 16:57:56.027 - RealTimeSTT: realtimestt - DEBUG - Receive from parent_transcription_pipe after sendiung transcription request, transcribe_count: 1
2026-09-14 16:57:56.136 - RealTimeSTT: realtimestt - DEBUG - Receive from parent_transcription_pipe after sendiung transcription request, transcribe_count: 1
2026-09-14 16:57:56.247 - RealTimeSTT: realtimestt - DEBUG - Receive from parent_transcription_pipe after sendiung transcription request, transcribe_count: 1
2026-09-14 16:57:56.358 - RealTimeSTT: realtimestt - DEBUG - Receive from parent_transcription_pipe after sendiung transcription request, transcribe_count: 1
2026-09-14 16:57:56.468 - RealTimeSTT: realtimestt - DEBUG - Receive from parent_transcription_pipe after sendiung transcription request, transcribe_count: 1
2026-09-14 16:57:56.577 - RealTimeSTT: realtimestt - DEBUG - Receive from parent_transcription_pipe after sendiung transcription request, transcribe_count: 1
2026-09-14 16:57:56.685 - RealTimeSTT: realtimestt - DEBUG - Receive from parent_transcription_pipe after sendiung transcription request, transcribe_count: 1
2026-09-14 16:57:56.794 - RealTimeSTT: realtimestt - DEBUG - Receive from parent_transcription_pipe after sendiung transcription request, transcribe_count: 1
2026-09-14 16:57:56.904 - RealTimeSTT: realtimestt - DEBUG - Receive from parent_transcription_pipe after sendiung transcription request, transcribe_count: 1
2026-09-14 16:57:57.014 - RealTimeSTT: realtimestt - DEBUG - Receive from parent_transcription_pipe after sendiung transcription request, transcribe_count: 1
2026-09-14 16:57:57.126 - RealTimeSTT: realtimestt - DEBUG - Receive from parent_transcription_pipe after sendiung transcription request, transcribe_count: 1
2026-09-14 16:57:57.131 - RealTimeSTT: realtimestt - INFO - State changed from 'transcribing' to 'inactive'
2026-09-14 16:57:57.132 - RealTimeSTT: realtimestt - DEBUG - Model small completed transcription in 1.77 seconds
2026-09-14 16:57:57.132 - RealTimeSTT: realtimestt - INFO - Setting listen time
2026-09-14 16:57:57.132 - RealTimeSTT: realtimestt - INFO - State changed from 'inactive' to 'listening'
2026-09-14 16:57:57.132 - RealTimeSTT: realtimestt - DEBUG - Waiting for recording start
2026-09-14 16:57:57.605 - RealTimeSTT: realtimestt - INFO - voice activity detected
2026-09-14 16:57:57.605 - RealTimeSTT: realtimestt - INFO - recording started
2026-09-14 16:57:57.605 - RealTimeSTT: realtimestt - INFO - State changed from 'listening' to 'recording'
2026-09-14 16:57:57.605 - RealTimeSTT: realtimestt - DEBUG - Waiting for recording stop
2026-09-14 16:58:05.674 - RealTimeSTT: realtimestt - INFO - recording stopped
2026-09-14 16:58:05.675 - RealTimeSTT: realtimestt - DEBUG - No samples removed, final audio length: 145408
2026-09-14 16:58:05.675 - RealTimeSTT: realtimestt - INFO - State changed from 'recording' to 'inactive'
2026-09-14 16:58:05.675 - RealTimeSTT: realtimestt - INFO - State changed from 'inactive' to 'transcribing'
2026-09-14 16:58:05.675 - RealTimeSTT: realtimestt - DEBUG - Adding transcription request, no early transcription started
2026-09-14 16:58:05.676 - RealTimeSTT: realtimestt - DEBUG - Receive from parent_transcription_pipe after sendiung transcription request, transcribe_count: 1
2026-09-14 16:58:05.780 - RealTimeSTT: realtimestt - DEBUG - Receive from parent_transcription_pipe after sendiung transcription request, transcribe_count: 1
2026-09-14 16:58:05.889 - RealTimeSTT: realtimestt - DEBUG - Receive from parent_transcription_pipe after sendiung transcription request, transcribe_count: 1
2026-09-14 16:58:06.000 - RealTimeSTT: realtimestt - DEBUG - Receive from parent_transcription_pipe after sendiung transcription request, transcribe_count: 1
2026-09-14 16:58:06.110 - RealTimeSTT: realtimestt - DEBUG - Receive from parent_transcription_pipe after sendiung transcription request, transcribe_count: 1
2026-09-14 16:58:06.220 - RealTimeSTT: realtimestt - DEBUG - Receive from parent_transcription_pipe after sendiung transcription request, transcribe_count: 1
2026-09-14 16:58:06.331 - RealTimeSTT: realtimestt - DEBUG - Receive from parent_transcription_pipe after sendiung transcription request, transcribe_count: 1
2026-09-14 16:58:06.442 - RealTimeSTT: realtimestt - DEBUG - Receive from parent_transcription_pipe after sendiung transcription request, transcribe_count: 1
2026-09-14 16:58:06.552 - RealTimeSTT: realtimestt - DEBUG - Receive from parent_transcription_pipe after sendiung transcription request, transcribe_count: 1
2026-09-14 16:58:06.663 - RealTimeSTT: realtimestt - DEBUG - Receive from parent_transcription_pipe after sendiung transcription request, transcribe_count: 1
2026-09-14 16:58:06.774 - RealTimeSTT: realtimestt - DEBUG - Receive from parent_transcription_pipe after sendiung transcription request, transcribe_count: 1
2026-09-14 16:58:06.886 - RealTimeSTT: realtimestt - DEBUG - Receive from parent_transcription_pipe after sendiung transcription request, transcribe_count: 1
2026-09-14 16:58:06.997 - RealTimeSTT: realtimestt - DEBUG - Receive from parent_transcription_pipe after sendiung transcription request, transcribe_count: 1
2026-09-14 16:58:07.106 - RealTimeSTT: realtimestt - DEBUG - Receive from parent_transcription_pipe after sendiung transcription request, transcribe_count: 1
2026-09-14 16:58:07.216 - RealTimeSTT: realtimestt - DEBUG - Receive from parent_transcription_pipe after sendiung transcription request, transcribe_count: 1
2026-09-14 16:58:07.326 - RealTimeSTT: realtimestt - DEBUG - Receive from parent_transcription_pipe after sendiung transcription request, transcribe_count: 1
2026-09-14 16:58:07.437 - RealTimeSTT: realtimestt - DEBUG - Receive from parent_transcription_pipe after sendiung transcription request, transcribe_count: 1
2026-09-14 16:58:07.547 - RealTimeSTT: realtimestt - DEBUG - Receive from parent_transcription_pipe after sendiung transcription request, transcribe_count: 1
2026-09-14 16:58:07.657 - RealTimeSTT: realtimestt - DEBUG - Receive from parent_transcription_pipe after sendiung transcription request, transcribe_count: 1
2026-09-14 16:58:07.767 - RealTimeSTT: realtimestt - DEBUG - Receive from parent_transcription_pipe after sendiung transcription request, transcribe_count: 1
2026-09-14 16:58:07.793 - RealTimeSTT: realtimestt - INFO - State changed from 'transcribing' to 'inactive'
2026-09-14 16:58:07.795 - RealTimeSTT: realtimestt - DEBUG - Model small completed transcription in 2.12 seconds
2026-09-14 16:58:07.795 - RealTimeSTT: realtimestt - INFO - Setting listen time
2026-09-14 16:58:07.795 - RealTimeSTT: realtimestt - INFO - State changed from 'inactive' to 'listening'
2026-09-14 16:58:07.795 - RealTimeSTT: realtimestt - DEBUG - Waiting for recording start
2026-09-14 16:58:10.406 - RealTimeSTT: realtimestt - INFO - voice activity detected
2026-09-14 16:58:10.407 - RealTimeSTT: realtimestt - INFO - recording started
2026-09-14 16:58:10.407 - RealTimeSTT: realtimestt - INFO - State changed from 'listening' to 'recording'
2026-09-14 16:58:10.407 - RealTimeSTT: realtimestt - DEBUG - Waiting for recording stop
2026-09-14 16:58:15.146 - RealTimeSTT: realtimestt - INFO - recording stopped
2026-09-14 16:58:15.148 - RealTimeSTT: realtimestt - DEBUG - No samples removed, final audio length: 91648
2026-09-14 16:58:15.148 - RealTimeSTT: realtimestt - INFO - State changed from 'recording' to 'inactive'
2026-09-14 16:58:15.148 - RealTimeSTT: realtimestt - INFO - State changed from 'inactive' to 'transcribing'
2026-09-14 16:58:15.148 - RealTimeSTT: realtimestt - DEBUG - Adding transcription request, no early transcription started
2026-09-14 16:58:15.155 - RealTimeSTT: realtimestt - DEBUG - Receive from parent_transcription_pipe after sendiung transcription request, transcribe_count: 1
2026-09-14 16:58:15.261 - RealTimeSTT: realtimestt - DEBUG - Receive from parent_transcription_pipe after sendiung transcription request, transcribe_count: 1
2026-09-14 16:58:15.370 - RealTimeSTT: realtimestt - DEBUG - Receive from parent_transcription_pipe after sendiung transcription request, transcribe_count: 1
2026-09-14 16:58:15.480 - RealTimeSTT: realtimestt - DEBUG - Receive from parent_transcription_pipe after sendiung transcription request, transcribe_count: 1
2026-09-14 16:58:15.591 - RealTimeSTT: realtimestt - DEBUG - Receive from parent_transcription_pipe after sendiung transcription request, transcribe_count: 1
2026-09-14 16:58:15.702 - RealTimeSTT: realtimestt - DEBUG - Receive from parent_transcription_pipe after sendiung transcription request, transcribe_count: 1
2026-09-14 16:58:15.811 - RealTimeSTT: realtimestt - DEBUG - Receive from parent_transcription_pipe after sendiung transcription request, transcribe_count: 1
2026-09-14 16:58:15.921 - RealTimeSTT: realtimestt - DEBUG - Receive from parent_transcription_pipe after sendiung transcription request, transcribe_count: 1
2026-09-14 16:58:16.029 - RealTimeSTT: realtimestt - DEBUG - Receive from parent_transcription_pipe after sendiung transcription request, transcribe_count: 1
2026-09-14 16:58:16.140 - RealTimeSTT: realtimestt - DEBUG - Receive from parent_transcription_pipe after sendiung transcription request, transcribe_count: 1
2026-09-14 16:58:16.250 - RealTimeSTT: realtimestt - DEBUG - Receive from parent_transcription_pipe after sendiung transcription request, transcribe_count: 1
2026-09-14 16:58:16.362 - RealTimeSTT: realtimestt - DEBUG - Receive from parent_transcription_pipe after sendiung transcription request, transcribe_count: 1
2026-09-14 16:58:16.472 - RealTimeSTT: realtimestt - DEBUG - Receive from parent_transcription_pipe after sendiung transcription request, transcribe_count: 1
2026-09-14 16:58:16.583 - RealTimeSTT: realtimestt - DEBUG - Receive from parent_transcription_pipe after sendiung transcription request, transcribe_count: 1
2026-09-14 16:58:16.694 - RealTimeSTT: realtimestt - DEBUG - Receive from parent_transcription_pipe after sendiung transcription request, transcribe_count: 1
2026-09-14 16:58:16.708 - RealTimeSTT: realtimestt - INFO - State changed from 'transcribing' to 'inactive'
2026-09-14 16:58:16.709 - RealTimeSTT: realtimestt - DEBUG - Model small completed transcription in 1.56 seconds
2026-09-14 16:58:16.709 - RealTimeSTT: realtimestt - INFO - Setting listen time
2026-09-14 16:58:16.709 - RealTimeSTT: realtimestt - INFO - State changed from 'inactive' to 'listening'
2026-09-14 16:58:16.709 - RealTimeSTT: realtimestt - DEBUG - Waiting for recording start
2026-09-14 16:58:17.126 - RealTimeSTT: realtimestt - INFO - voice activity detected
2026-09-14 16:58:17.126 - RealTimeSTT: realtimestt - INFO - recording started
2026-09-14 16:58:17.126 - RealTimeSTT: realtimestt - INFO - State changed from 'listening' to 'recording'
2026-09-14 16:58:17.127 - RealTimeSTT: realtimestt - DEBUG - Waiting for recording stop
2026-09-14 16:58:20.265 - RealTimeSTT: realtimestt - INFO - recording stopped
2026-09-14 16:58:20.267 - RealTimeSTT: realtimestt - DEBUG - No samples removed, final audio length: 66560
2026-09-14 16:58:20.267 - RealTimeSTT: realtimestt - INFO - State changed from 'recording' to 'inactive'
2026-09-14 16:58:20.268 - RealTimeSTT: realtimestt - INFO - State changed from 'inactive' to 'transcribing'
2026-09-14 16:58:20.268 - RealTimeSTT: realtimestt - DEBUG - Adding transcription request, no early transcription started
2026-09-14 16:58:20.275 - RealTimeSTT: realtimestt - DEBUG - Receive from parent_transcription_pipe after sendiung transcription request, transcribe_count: 1
2026-09-14 16:58:20.379 - RealTimeSTT: realtimestt - DEBUG - Receive from parent_transcription_pipe after sendiung transcription request, transcribe_count: 1
2026-09-14 16:58:20.488 - RealTimeSTT: realtimestt - DEBUG - Receive from parent_transcription_pipe after sendiung transcription request, transcribe_count: 1
2026-09-14 16:58:20.598 - RealTimeSTT: realtimestt - DEBUG - Receive from parent_transcription_pipe after sendiung transcription request, transcribe_count: 1
2026-09-14 16:58:20.709 - RealTimeSTT: realtimestt - DEBUG - Receive from parent_transcription_pipe after sendiung transcription request, transcribe_count: 1
2026-09-14 16:58:20.820 - RealTimeSTT: realtimestt - DEBUG - Receive from parent_transcription_pipe after sendiung transcription request, transcribe_count: 1
2026-09-14 16:58:20.928 - RealTimeSTT: realtimestt - DEBUG - Receive from parent_transcription_pipe after sendiung transcription request, transcribe_count: 1
2026-09-14 16:58:21.039 - RealTimeSTT: realtimestt - DEBUG - Receive from parent_transcription_pipe after sendiung transcription request, transcribe_count: 1
2026-09-14 16:58:21.149 - RealTimeSTT: realtimestt - DEBUG - Receive from parent_transcription_pipe after sendiung transcription request, transcribe_count: 1
2026-09-14 16:58:21.259 - RealTimeSTT: realtimestt - DEBUG - Receive from parent_transcription_pipe after sendiung transcription request, transcribe_count: 1
2026-09-14 16:58:21.370 - RealTimeSTT: realtimestt - DEBUG - Receive from parent_transcription_pipe after sendiung transcription request, transcribe_count: 1
2026-09-14 16:58:21.480 - RealTimeSTT: realtimestt - DEBUG - Receive from parent_transcription_pipe after sendiung transcription request, transcribe_count: 1
2026-09-14 16:58:21.591 - RealTimeSTT: realtimestt - DEBUG - Receive from parent_transcription_pipe after sendiung transcription request, transcribe_count: 1
2026-09-14 16:58:21.699 - RealTimeSTT: realtimestt - DEBUG - Receive from parent_transcription_pipe after sendiung transcription request, transcribe_count: 1
2026-09-14 16:58:21.808 - RealTimeSTT: realtimestt - DEBUG - Receive from parent_transcription_pipe after sendiung transcription request, transcribe_count: 1
2026-09-14 16:58:21.918 - RealTimeSTT: realtimestt - DEBUG - Receive from parent_transcription_pipe after sendiung transcription request, transcribe_count: 1
2026-09-14 16:58:21.921 - RealTimeSTT: realtimestt - INFO - State changed from 'transcribing' to 'inactive'
2026-09-14 16:58:21.922 - RealTimeSTT: realtimestt - DEBUG - Model small completed transcription in 1.65 seconds
2026-09-14 16:58:21.922 - RealTimeSTT: realtimestt - INFO - Setting listen time
2026-09-14 16:58:21.922 - RealTimeSTT: realtimestt - INFO - State changed from 'inactive' to 'listening'
2026-09-14 16:58:21.922 - RealTimeSTT: realtimestt - DEBUG - Waiting for recording start
2026-09-14 16:58:22.245 - RealTimeSTT: realtimestt - INFO - voice activity detected
2026-09-14 16:58:22.245 - RealTimeSTT: realtimestt - INFO - recording started
2026-09-14 16:58:22.246 - RealTimeSTT: realtimestt - INFO - State changed from 'listening' to 'recording'
2026-09-14 16:58:22.246 - RealTimeSTT: realtimestt - DEBUG - Waiting for recording stop
2026-09-14 16:58:24.297 - RealTimeSTT: realtimestt - INFO - recording stopped
2026-09-14 16:58:24.298 - RealTimeSTT: realtimestt - DEBUG - No samples removed, final audio length: 49152
2026-09-14 16:58:24.298 - RealTimeSTT: realtimestt - INFO - State changed from 'recording' to 'inactive'
2026-09-14 16:58:24.298 - RealTimeSTT: realtimestt - INFO - State changed from 'inactive' to 'transcribing'
2026-09-14 16:58:24.298 - RealTimeSTT: realtimestt - DEBUG - Adding transcription request, no early transcription started
2026-09-14 16:58:24.299 - RealTimeSTT: realtimestt - DEBUG - Receive from parent_transcription_pipe after sendiung transcription request, transcribe_count: 1
2026-09-14 16:58:24.412 - RealTimeSTT: realtimestt - DEBUG - Receive from parent_transcription_pipe after sendiung transcription request, transcribe_count: 1
2026-09-14 16:58:24.519 - RealTimeSTT: realtimestt - DEBUG - Receive from parent_transcription_pipe after sendiung transcription request, transcribe_count: 1
2026-09-14 16:58:24.629 - RealTimeSTT: realtimestt - DEBUG - Receive from parent_transcription_pipe after sendiung transcription request, transcribe_count: 1
2026-09-14 16:58:24.739 - RealTimeSTT: realtimestt - DEBUG - Receive from parent_transcription_pipe after sendiung transcription request, transcribe_count: 1
2026-09-14 16:58:24.849 - RealTimeSTT: realtimestt - DEBUG - Receive from parent_transcription_pipe after sendiung transcription request, transcribe_count: 1
2026-09-14 16:58:24.959 - RealTimeSTT: realtimestt - DEBUG - Receive from parent_transcription_pipe after sendiung transcription request, transcribe_count: 1
2026-09-14 16:58:25.069 - RealTimeSTT: realtimestt - DEBUG - Receive from parent_transcription_pipe after sendiung transcription request, transcribe_count: 1
2026-09-14 16:58:25.179 - RealTimeSTT: realtimestt - DEBUG - Receive from parent_transcription_pipe after sendiung transcription request, transcribe_count: 1
2026-09-14 16:58:25.289 - RealTimeSTT: realtimestt - DEBUG - Receive from parent_transcription_pipe after sendiung transcription request, transcribe_count: 1
2026-09-14 16:58:25.398 - RealTimeSTT: realtimestt - DEBUG - Receive from parent_transcription_pipe after sendiung transcription request, transcribe_count: 1
2026-09-14 16:58:25.508 - RealTimeSTT: realtimestt - DEBUG - Receive from parent_transcription_pipe after sendiung transcription request, transcribe_count: 1
2026-09-14 16:58:25.620 - RealTimeSTT: realtimestt - DEBUG - Receive from parent_transcription_pipe after sendiung transcription request, transcribe_count: 1
2026-09-14 16:58:25.730 - RealTimeSTT: realtimestt - DEBUG - Receive from parent_transcription_pipe after sendiung transcription request, transcribe_count: 1
2026-09-14 16:58:25.787 - RealTimeSTT: realtimestt - INFO - State changed from 'transcribing' to 'inactive'
2026-09-14 16:58:25.788 - RealTimeSTT: realtimestt - DEBUG - Model small completed transcription in 1.49 seconds
2026-09-14 16:58:25.788 - RealTimeSTT: realtimestt - INFO - Setting listen time
2026-09-14 16:58:25.788 - RealTimeSTT: realtimestt - INFO - State changed from 'inactive' to 'listening'
2026-09-14 16:58:25.788 - RealTimeSTT: realtimestt - DEBUG - Waiting for recording start
2026-09-14 16:58:26.085 - RealTimeSTT: realtimestt - INFO - voice activity detected
2026-09-14 16:58:26.086 - RealTimeSTT: realtimestt - INFO - recording started
2026-09-14 16:58:26.086 - RealTimeSTT: realtimestt - INFO - State changed from 'listening' to 'recording'
2026-09-14 16:58:26.086 - RealTimeSTT: realtimestt - DEBUG - Waiting for recording stop
2026-09-14 16:58:28.835 - RealTimeSTT: realtimestt - INFO - recording stopped
2026-09-14 16:58:28.836 - RealTimeSTT: realtimestt - DEBUG - No samples removed, final audio length: 60416
2026-09-14 16:58:28.836 - RealTimeSTT: realtimestt - INFO - State changed from 'recording' to 'inactive'
2026-09-14 16:58:28.836 - RealTimeSTT: realtimestt - INFO - State changed from 'inactive' to 'transcribing'
2026-09-14 16:58:28.836 - RealTimeSTT: realtimestt - DEBUG - Adding transcription request, no early transcription started
2026-09-14 16:58:28.837 - RealTimeSTT: realtimestt - DEBUG - Receive from parent_transcription_pipe after sendiung transcription request, transcribe_count: 1
2026-09-14 16:58:28.947 - RealTimeSTT: realtimestt - DEBUG - Receive from parent_transcription_pipe after sendiung transcription request, transcribe_count: 1
2026-09-14 16:58:29.058 - RealTimeSTT: realtimestt - DEBUG - Receive from parent_transcription_pipe after sendiung transcription request, transcribe_count: 1
2026-09-14 16:58:29.166 - RealTimeSTT: realtimestt - DEBUG - Receive from parent_transcription_pipe after sendiung transcription request, transcribe_count: 1
2026-09-14 16:58:29.276 - RealTimeSTT: realtimestt - DEBUG - Receive from parent_transcription_pipe after sendiung transcription request, transcribe_count: 1
2026-09-14 16:58:29.388 - RealTimeSTT: realtimestt - DEBUG - Receive from parent_transcription_pipe after sendiung transcription request, transcribe_count: 1
2026-09-14 16:58:29.499 - RealTimeSTT: realtimestt - DEBUG - Receive from parent_transcription_pipe after sendiung transcription request, transcribe_count: 1
2026-09-14 16:58:29.607 - RealTimeSTT: realtimestt - DEBUG - Receive from parent_transcription_pipe after sendiung transcription request, transcribe_count: 1
2026-09-14 16:58:29.717 - RealTimeSTT: realtimestt - DEBUG - Receive from parent_transcription_pipe after sendiung transcription request, transcribe_count: 1
2026-09-14 16:58:29.826 - RealTimeSTT: realtimestt - DEBUG - Receive from parent_transcription_pipe after sendiung transcription request, transcribe_count: 1
2026-09-14 16:58:29.933 - RealTimeSTT: realtimestt - DEBUG - Receive from parent_transcription_pipe after sendiung transcription request, transcribe_count: 1
2026-09-14 16:58:30.044 - RealTimeSTT: realtimestt - DEBUG - Receive from parent_transcription_pipe after sendiung transcription request, transcribe_count: 1
2026-09-14 16:58:30.154 - RealTimeSTT: realtimestt - DEBUG - Receive from parent_transcription_pipe after sendiung transcription request, transcribe_count: 1
2026-09-14 16:58:30.263 - RealTimeSTT: realtimestt - DEBUG - Receive from parent_transcription_pipe after sendiung transcription request, transcribe_count: 1
2026-09-14 16:58:30.371 - RealTimeSTT: realtimestt - DEBUG - Receive from parent_transcription_pipe after sendiung transcription request, transcribe_count: 1
2026-09-14 16:58:30.482 - RealTimeSTT: realtimestt - DEBUG - Receive from parent_transcription_pipe after sendiung transcription request, transcribe_count: 1
2026-09-14 16:58:30.533 - RealTimeSTT: realtimestt - INFO - State changed from 'transcribing' to 'inactive'
2026-09-14 16:58:30.533 - RealTimeSTT: realtimestt - DEBUG - Model small completed transcription in 1.70 seconds
2026-09-14 16:58:30.533 - RealTimeSTT: realtimestt - INFO - Setting listen time
2026-09-14 16:58:30.533 - RealTimeSTT: realtimestt - INFO - State changed from 'inactive' to 'listening'
2026-09-14 16:58:30.533 - RealTimeSTT: realtimestt - DEBUG - Waiting for recording start
2026-09-14 16:58:31.465 - RealTimeSTT: realtimestt - INFO - voice activity detected
2026-09-14 16:58:31.465 - RealTimeSTT: realtimestt - INFO - recording started
2026-09-14 16:58:31.465 - RealTimeSTT: realtimestt - INFO - State changed from 'listening' to 'recording'
2026-09-14 16:58:31.465 - RealTimeSTT: realtimestt - DEBUG - Waiting for recording stop
2026-09-14 16:58:33.195 - RealTimeSTT: realtimestt - INFO - recording stopped
2026-09-14 16:58:33.196 - RealTimeSTT: realtimestt - DEBUG - No samples removed, final audio length: 44032
2026-09-14 16:58:33.196 - RealTimeSTT: realtimestt - INFO - State changed from 'recording' to 'inactive'
2026-09-14 16:58:33.196 - RealTimeSTT: realtimestt - INFO - State changed from 'inactive' to 'transcribing'
2026-09-14 16:58:33.196 - RealTimeSTT: realtimestt - DEBUG - Adding transcription request, no early transcription started
2026-09-14 16:58:33.216 - RealTimeSTT: realtimestt - DEBUG - Receive from parent_transcription_pipe after sendiung transcription request, transcribe_count: 1
2026-09-14 16:58:33.321 - RealTimeSTT: realtimestt - DEBUG - Receive from parent_transcription_pipe after sendiung transcription request, transcribe_count: 1
2026-09-14 16:58:33.429 - RealTimeSTT: realtimestt - DEBUG - Receive from parent_transcription_pipe after sendiung transcription request, transcribe_count: 1
2026-09-14 16:58:33.540 - RealTimeSTT: realtimestt - DEBUG - Receive from parent_transcription_pipe after sendiung transcription request, transcribe_count: 1
2026-09-14 16:58:33.650 - RealTimeSTT: realtimestt - DEBUG - Receive from parent_transcription_pipe after sendiung transcription request, transcribe_count: 1
2026-09-14 16:58:33.760 - RealTimeSTT: realtimestt - DEBUG - Receive from parent_transcription_pipe after sendiung transcription request, transcribe_count: 1
2026-09-14 16:58:33.870 - RealTimeSTT: realtimestt - DEBUG - Receive from parent_transcription_pipe after sendiung transcription request, transcribe_count: 1
2026-09-14 16:58:33.979 - RealTimeSTT: realtimestt - DEBUG - Receive from parent_transcription_pipe after sendiung transcription request, transcribe_count: 1
2026-09-14 16:58:34.088 - RealTimeSTT: realtimestt - DEBUG - Receive from parent_transcription_pipe after sendiung transcription request, transcribe_count: 1
2026-09-14 16:58:34.197 - RealTimeSTT: realtimestt - DEBUG - Receive from parent_transcription_pipe after sendiung transcription request, transcribe_count: 1
2026-09-14 16:58:34.307 - RealTimeSTT: realtimestt - DEBUG - Receive from parent_transcription_pipe after sendiung transcription request, transcribe_count: 1
2026-09-14 16:58:34.418 - RealTimeSTT: realtimestt - DEBUG - Receive from parent_transcription_pipe after sendiung transcription request, transcribe_count: 1
2026-09-14 16:58:34.529 - RealTimeSTT: realtimestt - DEBUG - Receive from parent_transcription_pipe after sendiung transcription request, transcribe_count: 1
2026-09-14 16:58:34.638 - RealTimeSTT: realtimestt - DEBUG - Receive from parent_transcription_pipe after sendiung transcription request, transcribe_count: 1
2026-09-14 16:58:34.748 - RealTimeSTT: realtimestt - DEBUG - Receive from parent_transcription_pipe after sendiung transcription request, transcribe_count: 1
2026-09-14 16:58:34.777 - RealTimeSTT: realtimestt - INFO - State changed from 'transcribing' to 'inactive'
2026-09-14 16:58:34.777 - RealTimeSTT: realtimestt - DEBUG - Model small completed transcription in 1.58 seconds
2026-09-14 16:58:34.777 - RealTimeSTT: realtimestt - INFO - Setting listen time
2026-09-14 16:58:34.777 - RealTimeSTT: realtimestt - INFO - State changed from 'inactive' to 'listening'
2026-09-14 16:58:34.778 - RealTimeSTT: realtimestt - DEBUG - Waiting for recording start
2026-09-14 16:58:35.627 - RealTimeSTT: realtimestt - INFO - voice activity detected
2026-09-14 16:58:35.627 - RealTimeSTT: realtimestt - INFO - recording started
2026-09-14 16:58:35.627 - RealTimeSTT: realtimestt - INFO - State changed from 'listening' to 'recording'
2026-09-14 16:58:35.627 - RealTimeSTT: realtimestt - DEBUG - Waiting for recording stop
2026-09-14 16:58:37.676 - RealTimeSTT: realtimestt - INFO - recording stopped
2026-09-14 16:58:37.677 - RealTimeSTT: realtimestt - DEBUG - No samples removed, final audio length: 48640
2026-09-14 16:58:37.677 - RealTimeSTT: realtimestt - INFO - State changed from 'recording' to 'inactive'
2026-09-14 16:58:37.677 - RealTimeSTT: realtimestt - INFO - State changed from 'inactive' to 'transcribing'
2026-09-14 16:58:37.677 - RealTimeSTT: realtimestt - DEBUG - Adding transcription request, no early transcription started
2026-09-14 16:58:37.687 - RealTimeSTT: realtimestt - DEBUG - Receive from parent_transcription_pipe after sendiung transcription request, transcribe_count: 1
2026-09-14 16:58:37.791 - RealTimeSTT: realtimestt - DEBUG - Receive from parent_transcription_pipe after sendiung transcription request, transcribe_count: 1
2026-09-14 16:58:37.901 - RealTimeSTT: realtimestt - DEBUG - Receive from parent_transcription_pipe after sendiung transcription request, transcribe_count: 1
2026-09-14 16:58:38.011 - RealTimeSTT: realtimestt - DEBUG - Receive from parent_transcription_pipe after sendiung transcription request, transcribe_count: 1
2026-09-14 16:58:38.120 - RealTimeSTT: realtimestt - DEBUG - Receive from parent_transcription_pipe after sendiung transcription request, transcribe_count: 1
2026-09-14 16:58:38.229 - RealTimeSTT: realtimestt - DEBUG - Receive from parent_transcription_pipe after sendiung transcription request, transcribe_count: 1
2026-09-14 16:58:38.337 - RealTimeSTT: realtimestt - DEBUG - Receive from parent_transcription_pipe after sendiung transcription request, transcribe_count: 1
2026-09-14 16:58:38.447 - RealTimeSTT: realtimestt - DEBUG - Receive from parent_transcription_pipe after sendiung transcription request, transcribe_count: 1
2026-09-14 16:58:38.556 - RealTimeSTT: realtimestt - DEBUG - Receive from parent_transcription_pipe after sendiung transcription request, transcribe_count: 1
2026-09-14 16:58:38.666 - RealTimeSTT: realtimestt - DEBUG - Receive from parent_transcription_pipe after sendiung transcription request, transcribe_count: 1
2026-09-14 16:58:38.773 - RealTimeSTT: realtimestt - DEBUG - Receive from parent_transcription_pipe after sendiung transcription request, transcribe_count: 1
2026-09-14 16:58:38.884 - RealTimeSTT: realtimestt - DEBUG - Receive from parent_transcription_pipe after sendiung transcription request, transcribe_count: 1
2026-09-14 16:58:38.995 - RealTimeSTT: realtimestt - DEBUG - Receive from parent_transcription_pipe after sendiung transcription request, transcribe_count: 1
2026-09-14 16:58:39.105 - RealTimeSTT: realtimestt - DEBUG - Receive from parent_transcription_pipe after sendiung transcription request, transcribe_count: 1
2026-09-14 16:58:39.213 - RealTimeSTT: realtimestt - DEBUG - Receive from parent_transcription_pipe after sendiung transcription request, transcribe_count: 1
2026-09-14 16:58:39.261 - RealTimeSTT: realtimestt - INFO - State changed from 'transcribing' to 'inactive'
2026-09-14 16:58:39.262 - RealTimeSTT: realtimestt - DEBUG - Model small completed transcription in 1.58 seconds
2026-09-14 16:58:39.262 - RealTimeSTT: realtimestt - INFO - Setting listen time
2026-09-14 16:58:39.262 - RealTimeSTT: realtimestt - INFO - State changed from 'inactive' to 'listening'
2026-09-14 16:58:39.262 - RealTimeSTT: realtimestt - DEBUG - Waiting for recording start
2026-09-14 16:58:40.235 - RealTimeSTT: realtimestt - INFO - voice activity detected
2026-09-14 16:58:40.235 - RealTimeSTT: realtimestt - INFO - recording started
2026-09-14 16:58:40.235 - RealTimeSTT: realtimestt - INFO - State changed from 'listening' to 'recording'
2026-09-14 16:58:40.235 - RealTimeSTT: realtimestt - DEBUG - Waiting for recording stop
2026-09-14 16:58:41.577 - RealTimeSTT: realtimestt - INFO - recording stopped
2026-09-14 16:58:41.578 - RealTimeSTT: realtimestt - DEBUG - No samples removed, final audio length: 37888
2026-09-14 16:58:41.578 - RealTimeSTT: realtimestt - INFO - State changed from 'recording' to 'inactive'
2026-09-14 16:58:41.578 - RealTimeSTT: realtimestt - INFO - State changed from 'inactive' to 'transcribing'
2026-09-14 16:58:41.578 - RealTimeSTT: realtimestt - DEBUG - Adding transcription request, no early transcription started
2026-09-14 16:58:41.586 - RealTimeSTT: realtimestt - DEBUG - Receive from parent_transcription_pipe after sendiung transcription request, transcribe_count: 1
2026-09-14 16:58:41.691 - RealTimeSTT: realtimestt - DEBUG - Receive from parent_transcription_pipe after sendiung transcription request, transcribe_count: 1
2026-09-14 16:58:41.802 - RealTimeSTT: realtimestt - DEBUG - Receive from parent_transcription_pipe after sendiung transcription request, transcribe_count: 1
2026-09-14 16:58:41.912 - RealTimeSTT: realtimestt - DEBUG - Receive from parent_transcription_pipe after sendiung transcription request, transcribe_count: 1
2026-09-14 16:58:42.024 - RealTimeSTT: realtimestt - DEBUG - Receive from parent_transcription_pipe after sendiung transcription request, transcribe_count: 1
2026-09-14 16:58:42.134 - RealTimeSTT: realtimestt - DEBUG - Receive from parent_transcription_pipe after sendiung transcription request, transcribe_count: 1
2026-09-14 16:58:42.244 - RealTimeSTT: realtimestt - DEBUG - Receive from parent_transcription_pipe after sendiung transcription request, transcribe_count: 1
2026-09-14 16:58:42.353 - RealTimeSTT: realtimestt - DEBUG - Receive from parent_transcription_pipe after sendiung transcription request, transcribe_count: 1
2026-09-14 16:58:42.463 - RealTimeSTT: realtimestt - DEBUG - Receive from parent_transcription_pipe after sendiung transcription request, transcribe_count: 1
2026-09-14 16:58:42.572 - RealTimeSTT: realtimestt - DEBUG - Receive from parent_transcription_pipe after sendiung transcription request, transcribe_count: 1
2026-09-14 16:58:42.680 - RealTimeSTT: realtimestt - DEBUG - Receive from parent_transcription_pipe after sendiung transcription request, transcribe_count: 1
2026-09-14 16:58:42.790 - RealTimeSTT: realtimestt - DEBUG - Receive from parent_transcription_pipe after sendiung transcription request, transcribe_count: 1
2026-09-14 16:58:42.899 - RealTimeSTT: realtimestt - DEBUG - Receive from parent_transcription_pipe after sendiung transcription request, transcribe_count: 1
2026-09-14 16:58:43.011 - RealTimeSTT: realtimestt - DEBUG - Receive from parent_transcription_pipe after sendiung transcription request, transcribe_count: 1
2026-09-14 16:58:43.124 - RealTimeSTT: realtimestt - DEBUG - Receive from parent_transcription_pipe after sendiung transcription request, transcribe_count: 1
2026-09-14 16:58:43.143 - RealTimeSTT: realtimestt - INFO - State changed from 'transcribing' to 'inactive'
2026-09-14 16:58:43.144 - RealTimeSTT: realtimestt - DEBUG - Model small completed transcription in 1.57 seconds
2026-09-14 16:58:43.144 - RealTimeSTT: realtimestt - INFO - Setting listen time
2026-09-14 16:58:43.144 - RealTimeSTT: realtimestt - INFO - State changed from 'inactive' to 'listening'
2026-09-14 16:58:43.144 - RealTimeSTT: realtimestt - DEBUG - Waiting for recording start
2026-09-14 16:58:43.627 - RealTimeSTT: realtimestt - INFO - voice activity detected
2026-09-14 16:58:43.628 - RealTimeSTT: realtimestt - INFO - recording started
2026-09-14 16:58:43.628 - RealTimeSTT: realtimestt - INFO - State changed from 'listening' to 'recording'
2026-09-14 16:58:43.628 - RealTimeSTT: realtimestt - DEBUG - Waiting for recording stop
2026-09-14 16:58:46.055 - RealTimeSTT: realtimestt - INFO - recording stopped
2026-09-14 16:58:46.056 - RealTimeSTT: realtimestt - DEBUG - No samples removed, final audio length: 54784
2026-09-14 16:58:46.056 - RealTimeSTT: realtimestt - INFO - State changed from 'recording' to 'inactive'
2026-09-14 16:58:46.056 - RealTimeSTT: realtimestt - INFO - State changed from 'inactive' to 'transcribing'
2026-09-14 16:58:46.056 - RealTimeSTT: realtimestt - DEBUG - Adding transcription request, no early transcription started
2026-09-14 16:58:46.057 - RealTimeSTT: realtimestt - DEBUG - Receive from parent_transcription_pipe after sendiung transcription request, transcribe_count: 1
2026-09-14 16:58:46.168 - RealTimeSTT: realtimestt - DEBUG - Receive from parent_transcription_pipe after sendiung transcription request, transcribe_count: 1
2026-09-14 16:58:46.278 - RealTimeSTT: realtimestt - DEBUG - Receive from parent_transcription_pipe after sendiung transcription request, transcribe_count: 1
2026-09-14 16:58:46.388 - RealTimeSTT: realtimestt - DEBUG - Receive from parent_transcription_pipe after sendiung transcription request, transcribe_count: 1
2026-09-14 16:58:46.498 - RealTimeSTT: realtimestt - DEBUG - Receive from parent_transcription_pipe after sendiung transcription request, transcribe_count: 1
2026-09-14 16:58:46.609 - RealTimeSTT: realtimestt - DEBUG - Receive from parent_transcription_pipe after sendiung transcription request, transcribe_count: 1
2026-09-14 16:58:46.720 - RealTimeSTT: realtimestt - DEBUG - Receive from parent_transcription_pipe after sendiung transcription request, transcribe_count: 1
2026-09-14 16:58:46.830 - RealTimeSTT: realtimestt - DEBUG - Receive from parent_transcription_pipe after sendiung transcription request, transcribe_count: 1
2026-09-14 16:58:46.941 - RealTimeSTT: realtimestt - DEBUG - Receive from parent_transcription_pipe after sendiung transcription request, transcribe_count: 1
2026-09-14 16:58:47.049 - RealTimeSTT: realtimestt - DEBUG - Receive from parent_transcription_pipe after sendiung transcription request, transcribe_count: 1
2026-09-14 16:58:47.158 - RealTimeSTT: realtimestt - DEBUG - Receive from parent_transcription_pipe after sendiung transcription request, transcribe_count: 1
2026-09-14 16:58:47.269 - RealTimeSTT: realtimestt - DEBUG - Receive from parent_transcription_pipe after sendiung transcription request, transcribe_count: 1
2026-09-14 16:58:47.379 - RealTimeSTT: realtimestt - DEBUG - Receive from parent_transcription_pipe after sendiung transcription request, transcribe_count: 1
2026-09-14 16:58:47.490 - RealTimeSTT: realtimestt - DEBUG - Receive from parent_transcription_pipe after sendiung transcription request, transcribe_count: 1
2026-09-14 16:58:47.598 - RealTimeSTT: realtimestt - DEBUG - Receive from parent_transcription_pipe after sendiung transcription request, transcribe_count: 1
2026-09-14 16:58:47.708 - RealTimeSTT: realtimestt - DEBUG - Receive from parent_transcription_pipe after sendiung transcription request, transcribe_count: 1
2026-09-14 16:58:47.817 - RealTimeSTT: realtimestt - DEBUG - Receive from parent_transcription_pipe after sendiung transcription request, transcribe_count: 1
2026-09-14 16:58:47.829 - RealTimeSTT: realtimestt - INFO - State changed from 'transcribing' to 'inactive'
2026-09-14 16:58:47.830 - RealTimeSTT: realtimestt - DEBUG - Model small completed transcription in 1.77 seconds
2026-09-14 16:58:47.830 - RealTimeSTT: realtimestt - INFO - Setting listen time
2026-09-14 16:58:47.830 - RealTimeSTT: realtimestt - INFO - State changed from 'inactive' to 'listening'
2026-09-14 16:58:47.830 - RealTimeSTT: realtimestt - DEBUG - Waiting for recording start
2026-09-14 16:58:47.914 - RealTimeSTT: realtimestt - INFO - voice activity detected
2026-09-14 16:58:47.914 - RealTimeSTT: realtimestt - INFO - recording started
2026-09-14 16:58:47.914 - RealTimeSTT: realtimestt - INFO - State changed from 'listening' to 'recording'
2026-09-14 16:58:47.914 - RealTimeSTT: realtimestt - DEBUG - Waiting for recording stop
2026-09-14 16:58:52.586 - RealTimeSTT: realtimestt - INFO - recording stopped
2026-09-14 16:58:52.588 - RealTimeSTT: realtimestt - DEBUG - No samples removed, final audio length: 91136
2026-09-14 16:58:52.589 - RealTimeSTT: realtimestt - INFO - State changed from 'recording' to 'inactive'
2026-09-14 16:58:52.589 - RealTimeSTT: realtimestt - INFO - State changed from 'inactive' to 'transcribing'
2026-09-14 16:58:52.589 - RealTimeSTT: realtimestt - DEBUG - Adding transcription request, no early transcription started
2026-09-14 16:58:52.590 - RealTimeSTT: realtimestt - DEBUG - Receive from parent_transcription_pipe after sendiung transcription request, transcribe_count: 1
2026-09-14 16:58:52.700 - RealTimeSTT: realtimestt - DEBUG - Receive from parent_transcription_pipe after sendiung transcription request, transcribe_count: 1
2026-09-14 16:58:52.810 - RealTimeSTT: realtimestt - DEBUG - Receive from parent_transcription_pipe after sendiung transcription request, transcribe_count: 1
2026-09-14 16:58:52.919 - RealTimeSTT: realtimestt - DEBUG - Receive from parent_transcription_pipe after sendiung transcription request, transcribe_count: 1
2026-09-14 16:58:53.029 - RealTimeSTT: realtimestt - DEBUG - Receive from parent_transcription_pipe after sendiung transcription request, transcribe_count: 1
2026-09-14 16:58:53.139 - RealTimeSTT: realtimestt - DEBUG - Receive from parent_transcription_pipe after sendiung transcription request, transcribe_count: 1
2026-09-14 16:58:53.248 - RealTimeSTT: realtimestt - DEBUG - Receive from parent_transcription_pipe after sendiung transcription request, transcribe_count: 1
2026-09-14 16:58:53.357 - RealTimeSTT: realtimestt - DEBUG - Receive from parent_transcription_pipe after sendiung transcription request, transcribe_count: 1
2026-09-14 16:58:53.466 - RealTimeSTT: realtimestt - DEBUG - Receive from parent_transcription_pipe after sendiung transcription request, transcribe_count: 1
2026-09-14 16:58:53.576 - RealTimeSTT: realtimestt - DEBUG - Receive from parent_transcription_pipe after sendiung transcription request, transcribe_count: 1
2026-09-14 16:58:53.685 - RealTimeSTT: realtimestt - DEBUG - Receive from parent_transcription_pipe after sendiung transcription request, transcribe_count: 1
2026-09-14 16:58:53.795 - RealTimeSTT: realtimestt - DEBUG - Receive from parent_transcription_pipe after sendiung transcription request, transcribe_count: 1
2026-09-14 16:58:53.904 - RealTimeSTT: realtimestt - DEBUG - Receive from parent_transcription_pipe after sendiung transcription request, transcribe_count: 1
2026-09-14 16:58:54.014 - RealTimeSTT: realtimestt - DEBUG - Receive from parent_transcription_pipe after sendiung transcription request, transcribe_count: 1
2026-09-14 16:58:54.125 - RealTimeSTT: realtimestt - DEBUG - Receive from parent_transcription_pipe after sendiung transcription request, transcribe_count: 1
2026-09-14 16:58:54.235 - RealTimeSTT: realtimestt - DEBUG - Receive from parent_transcription_pipe after sendiung transcription request, transcribe_count: 1
2026-09-14 16:58:54.347 - RealTimeSTT: realtimestt - DEBUG - Receive from parent_transcription_pipe after sendiung transcription request, transcribe_count: 1
2026-09-14 16:58:54.383 - RealTimeSTT: realtimestt - INFO - State changed from 'transcribing' to 'inactive'
2026-09-14 16:58:54.384 - RealTimeSTT: realtimestt - DEBUG - Model small completed transcription in 1.80 seconds
2026-09-14 16:58:54.384 - RealTimeSTT: realtimestt - INFO - Setting listen time
2026-09-14 16:58:54.384 - RealTimeSTT: realtimestt - INFO - State changed from 'inactive' to 'listening'
2026-09-14 16:58:54.384 - RealTimeSTT: realtimestt - DEBUG - Waiting for recording start
2026-09-14 16:58:56.296 - RealTimeSTT: realtimestt - INFO - voice activity detected
2026-09-14 16:58:56.296 - RealTimeSTT: realtimestt - INFO - recording started
2026-09-14 16:58:56.296 - RealTimeSTT: realtimestt - INFO - State changed from 'listening' to 'recording'
2026-09-14 16:58:56.296 - RealTimeSTT: realtimestt - DEBUG - Waiting for recording stop
2026-09-14 16:58:58.275 - RealTimeSTT: realtimestt - INFO - recording stopped
2026-09-14 16:58:58.276 - RealTimeSTT: realtimestt - DEBUG - No samples removed, final audio length: 48128
2026-09-14 16:58:58.276 - RealTimeSTT: realtimestt - INFO - State changed from 'recording' to 'inactive'
2026-09-14 16:58:58.276 - RealTimeSTT: realtimestt - INFO - State changed from 'inactive' to 'transcribing'
2026-09-14 16:58:58.276 - RealTimeSTT: realtimestt - DEBUG - Adding transcription request, no early transcription started
2026-09-14 16:58:58.277 - RealTimeSTT: realtimestt - DEBUG - Receive from parent_transcription_pipe after sendiung transcription request, transcribe_count: 1
2026-09-14 16:58:58.387 - RealTimeSTT: realtimestt - DEBUG - Receive from parent_transcription_pipe after sendiung transcription request, transcribe_count: 1
2026-09-14 16:58:58.497 - RealTimeSTT: realtimestt - DEBUG - Receive from parent_transcription_pipe after sendiung transcription request, transcribe_count: 1
2026-09-14 16:58:58.608 - RealTimeSTT: realtimestt - DEBUG - Receive from parent_transcription_pipe after sendiung transcription request, transcribe_count: 1
2026-09-14 16:58:58.717 - RealTimeSTT: realtimestt - DEBUG - Receive from parent_transcription_pipe after sendiung transcription request, transcribe_count: 1
2026-09-14 16:58:58.828 - RealTimeSTT: realtimestt - DEBUG - Receive from parent_transcription_pipe after sendiung transcription request, transcribe_count: 1
2026-09-14 16:58:58.937 - RealTimeSTT: realtimestt - DEBUG - Receive from parent_transcription_pipe after sendiung transcription request, transcribe_count: 1
2026-09-14 16:58:59.049 - RealTimeSTT: realtimestt - DEBUG - Receive from parent_transcription_pipe after sendiung transcription request, transcribe_count: 1
2026-09-14 16:58:59.159 - RealTimeSTT: realtimestt - DEBUG - Receive from parent_transcription_pipe after sendiung transcription request, transcribe_count: 1
2026-09-14 16:58:59.270 - RealTimeSTT: realtimestt - DEBUG - Receive from parent_transcription_pipe after sendiung transcription request, transcribe_count: 1
2026-09-14 16:58:59.381 - RealTimeSTT: realtimestt - DEBUG - Receive from parent_transcription_pipe after sendiung transcription request, transcribe_count: 1
2026-09-14 16:58:59.490 - RealTimeSTT: realtimestt - DEBUG - Receive from parent_transcription_pipe after sendiung transcription request, transcribe_count: 1
2026-09-14 16:58:59.601 - RealTimeSTT: realtimestt - DEBUG - Receive from parent_transcription_pipe after sendiung transcription request, transcribe_count: 1
2026-09-14 16:58:59.712 - RealTimeSTT: realtimestt - DEBUG - Receive from parent_transcription_pipe after sendiung transcription request, transcribe_count: 1
2026-09-14 16:58:59.779 - RealTimeSTT: realtimestt - INFO - State changed from 'transcribing' to 'inactive'
2026-09-14 16:58:59.780 - RealTimeSTT: realtimestt - DEBUG - Model small completed transcription in 1.50 seconds
2026-09-14 16:58:59.780 - RealTimeSTT: realtimestt - INFO - Setting listen time
2026-09-14 16:58:59.780 - RealTimeSTT: realtimestt - INFO - State changed from 'inactive' to 'listening'
2026-09-14 16:58:59.780 - RealTimeSTT: realtimestt - DEBUG - Waiting for recording start
2026-09-14 16:59:00.646 - RealTimeSTT: realtimestt - INFO - voice activity detected
2026-09-14 16:59:00.646 - RealTimeSTT: realtimestt - INFO - recording started
2026-09-14 16:59:00.646 - RealTimeSTT: realtimestt - INFO - State changed from 'listening' to 'recording'
2026-09-14 16:59:00.646 - RealTimeSTT: realtimestt - DEBUG - Waiting for recording stop
2026-09-14 16:59:03.014 - RealTimeSTT: realtimestt - INFO - recording stopped
2026-09-14 16:59:03.016 - RealTimeSTT: realtimestt - DEBUG - No samples removed, final audio length: 54272
2026-09-14 16:59:03.016 - RealTimeSTT: realtimestt - INFO - State changed from 'recording' to 'inactive'
2026-09-14 16:59:03.016 - RealTimeSTT: realtimestt - INFO - State changed from 'inactive' to 'transcribing'
2026-09-14 16:59:03.016 - RealTimeSTT: realtimestt - DEBUG - Adding transcription request, no early transcription started
2026-09-14 16:59:03.016 - RealTimeSTT: realtimestt - DEBUG - Receive from parent_transcription_pipe after sendiung transcription request, transcribe_count: 1
2026-09-14 16:59:03.118 - RealTimeSTT: realtimestt - DEBUG - Receive from parent_transcription_pipe after sendiung transcription request, transcribe_count: 1
2026-09-14 16:59:03.228 - RealTimeSTT: realtimestt - DEBUG - Receive from parent_transcription_pipe after sendiung transcription request, transcribe_count: 1
2026-09-14 16:59:03.338 - RealTimeSTT: realtimestt - DEBUG - Receive from parent_transcription_pipe after sendiung transcription request, transcribe_count: 1
2026-09-14 16:59:03.448 - RealTimeSTT: realtimestt - DEBUG - Receive from parent_transcription_pipe after sendiung transcription request, transcribe_count: 1
2026-09-14 16:59:03.558 - RealTimeSTT: realtimestt - DEBUG - Receive from parent_transcription_pipe after sendiung transcription request, transcribe_count: 1
2026-09-14 16:59:03.669 - RealTimeSTT: realtimestt - DEBUG - Receive from parent_transcription_pipe after sendiung transcription request, transcribe_count: 1
2026-09-14 16:59:03.778 - RealTimeSTT: realtimestt - DEBUG - Receive from parent_transcription_pipe after sendiung transcription request, transcribe_count: 1
2026-09-14 16:59:03.889 - RealTimeSTT: realtimestt - DEBUG - Receive from parent_transcription_pipe after sendiung transcription request, transcribe_count: 1
2026-09-14 16:59:04.000 - RealTimeSTT: realtimestt - DEBUG - Receive from parent_transcription_pipe after sendiung transcription request, transcribe_count: 1
2026-09-14 16:59:04.111 - RealTimeSTT: realtimestt - DEBUG - Receive from parent_transcription_pipe after sendiung transcription request, transcribe_count: 1
2026-09-14 16:59:04.222 - RealTimeSTT: realtimestt - DEBUG - Receive from parent_transcription_pipe after sendiung transcription request, transcribe_count: 1
2026-09-14 16:59:04.332 - RealTimeSTT: realtimestt - DEBUG - Receive from parent_transcription_pipe after sendiung transcription request, transcribe_count: 1
2026-09-14 16:59:04.440 - RealTimeSTT: realtimestt - DEBUG - Receive from parent_transcription_pipe after sendiung transcription request, transcribe_count: 1
2026-09-14 16:59:04.551 - RealTimeSTT: realtimestt - DEBUG - Receive from parent_transcription_pipe after sendiung transcription request, transcribe_count: 1
2026-09-14 16:59:04.656 - RealTimeSTT: realtimestt - INFO - State changed from 'transcribing' to 'inactive'
2026-09-14 16:59:04.657 - RealTimeSTT: realtimestt - DEBUG - Model small completed transcription in 1.64 seconds
2026-09-14 16:59:04.657 - RealTimeSTT: realtimestt - INFO - Setting listen time
2026-09-14 16:59:04.657 - RealTimeSTT: realtimestt - INFO - State changed from 'inactive' to 'listening'
2026-09-14 16:59:04.657 - RealTimeSTT: realtimestt - DEBUG - Waiting for recording start
2026-09-14 16:59:05.515 - RealTimeSTT: realtimestt - INFO - voice activity detected
2026-09-14 16:59:05.515 - RealTimeSTT: realtimestt - INFO - recording started
2026-09-14 16:59:05.515 - RealTimeSTT: realtimestt - INFO - State changed from 'listening' to 'recording'
2026-09-14 16:59:05.515 - RealTimeSTT: realtimestt - DEBUG - Waiting for recording stop
2026-09-14 16:59:10.635 - RealTimeSTT: realtimestt - INFO - recording stopped
2026-09-14 16:59:10.637 - RealTimeSTT: realtimestt - DEBUG - No samples removed, final audio length: 98304
2026-09-14 16:59:10.637 - RealTimeSTT: realtimestt - INFO - State changed from 'recording' to 'inactive'
2026-09-14 16:59:10.637 - RealTimeSTT: realtimestt - INFO - State changed from 'inactive' to 'transcribing'
2026-09-14 16:59:10.637 - RealTimeSTT: realtimestt - DEBUG - Adding transcription request, no early transcription started
2026-09-14 16:59:10.638 - RealTimeSTT: realtimestt - DEBUG - Receive from parent_transcription_pipe after sendiung transcription request, transcribe_count: 1
2026-09-14 16:59:10.754 - RealTimeSTT: realtimestt - DEBUG - Receive from parent_transcription_pipe after sendiung transcription request, transcribe_count: 1
2026-09-14 16:59:10.864 - RealTimeSTT: realtimestt - DEBUG - Receive from parent_transcription_pipe after sendiung transcription request, transcribe_count: 1
2026-09-14 16:59:10.974 - RealTimeSTT: realtimestt - DEBUG - Receive from parent_transcription_pipe after sendiung transcription request, transcribe_count: 1
2026-09-14 16:59:11.086 - RealTimeSTT: realtimestt - DEBUG - Receive from parent_transcription_pipe after sendiung transcription request, transcribe_count: 1
2026-09-14 16:59:11.195 - RealTimeSTT: realtimestt - DEBUG - Receive from parent_transcription_pipe after sendiung transcription request, transcribe_count: 1
2026-09-14 16:59:11.305 - RealTimeSTT: realtimestt - DEBUG - Receive from parent_transcription_pipe after sendiung transcription request, transcribe_count: 1
2026-09-14 16:59:11.416 - RealTimeSTT: realtimestt - DEBUG - Receive from parent_transcription_pipe after sendiung transcription request, transcribe_count: 1
2026-09-14 16:59:11.526 - RealTimeSTT: realtimestt - DEBUG - Receive from parent_transcription_pipe after sendiung transcription request, transcribe_count: 1
2026-09-14 16:59:11.636 - RealTimeSTT: realtimestt - DEBUG - Receive from parent_transcription_pipe after sendiung transcription request, transcribe_count: 1
2026-09-14 16:59:11.745 - RealTimeSTT: realtimestt - DEBUG - Receive from parent_transcription_pipe after sendiung transcription request, transcribe_count: 1
2026-09-14 16:59:11.855 - RealTimeSTT: realtimestt - DEBUG - Receive from parent_transcription_pipe after sendiung transcription request, transcribe_count: 1
2026-09-14 16:59:11.964 - RealTimeSTT: realtimestt - DEBUG - Receive from parent_transcription_pipe after sendiung transcription request, transcribe_count: 1
2026-09-14 16:59:12.074 - RealTimeSTT: realtimestt - DEBUG - Receive from parent_transcription_pipe after sendiung transcription request, transcribe_count: 1
2026-09-14 16:59:12.183 - RealTimeSTT: realtimestt - DEBUG - Receive from parent_transcription_pipe after sendiung transcription request, transcribe_count: 1
2026-09-14 16:59:12.294 - RealTimeSTT: realtimestt - DEBUG - Receive from parent_transcription_pipe after sendiung transcription request, transcribe_count: 1
2026-09-14 16:59:12.404 - RealTimeSTT: realtimestt - DEBUG - Receive from parent_transcription_pipe after sendiung transcription request, transcribe_count: 1
2026-09-14 16:59:12.471 - RealTimeSTT: realtimestt - INFO - State changed from 'transcribing' to 'inactive'
2026-09-14 16:59:12.473 - RealTimeSTT: realtimestt - DEBUG - Model small completed transcription in 1.84 seconds
2026-09-14 16:59:12.473 - RealTimeSTT: realtimestt - INFO - Setting listen time
2026-09-14 16:59:12.473 - RealTimeSTT: realtimestt - INFO - State changed from 'inactive' to 'listening'
2026-09-14 16:59:12.473 - RealTimeSTT: realtimestt - DEBUG - Waiting for recording start
2026-09-14 16:59:13.706 - RealTimeSTT: realtimestt - INFO - voice activity detected
2026-09-14 16:59:13.706 - RealTimeSTT: realtimestt - INFO - recording started
2026-09-14 16:59:13.706 - RealTimeSTT: realtimestt - INFO - State changed from 'listening' to 'recording'
2026-09-14 16:59:13.706 - RealTimeSTT: realtimestt - DEBUG - Waiting for recording stop
2026-09-14 16:59:15.556 - RealTimeSTT: realtimestt - INFO - recording stopped
2026-09-14 16:59:15.557 - RealTimeSTT: realtimestt - DEBUG - No samples removed, final audio length: 46080
2026-09-14 16:59:15.557 - RealTimeSTT: realtimestt - INFO - State changed from 'recording' to 'inactive'
2026-09-14 16:59:15.557 - RealTimeSTT: realtimestt - INFO - State changed from 'inactive' to 'transcribing'
2026-09-14 16:59:15.557 - RealTimeSTT: realtimestt - DEBUG - Adding transcription request, no early transcription started
2026-09-14 16:59:15.570 - RealTimeSTT: realtimestt - DEBUG - Receive from parent_transcription_pipe after sendiung transcription request, transcribe_count: 1
2026-09-14 16:59:15.674 - RealTimeSTT: realtimestt - DEBUG - Receive from parent_transcription_pipe after sendiung transcription request, transcribe_count: 1
2026-09-14 16:59:15.784 - RealTimeSTT: realtimestt - DEBUG - Receive from parent_transcription_pipe after sendiung transcription request, transcribe_count: 1
2026-09-14 16:59:15.892 - RealTimeSTT: realtimestt - DEBUG - Receive from parent_transcription_pipe after sendiung transcription request, transcribe_count: 1
2026-09-14 16:59:16.002 - RealTimeSTT: realtimestt - DEBUG - Receive from parent_transcription_pipe after sendiung transcription request, transcribe_count: 1
2026-09-14 16:59:16.114 - RealTimeSTT: realtimestt - DEBUG - Receive from parent_transcription_pipe after sendiung transcription request, transcribe_count: 1
2026-09-14 16:59:16.225 - RealTimeSTT: realtimestt - DEBUG - Receive from parent_transcription_pipe after sendiung transcription request, transcribe_count: 1
2026-09-14 16:59:16.336 - RealTimeSTT: realtimestt - DEBUG - Receive from parent_transcription_pipe after sendiung transcription request, transcribe_count: 1
2026-09-14 16:59:16.447 - RealTimeSTT: realtimestt - DEBUG - Receive from parent_transcription_pipe after sendiung transcription request, transcribe_count: 1
2026-09-14 16:59:16.558 - RealTimeSTT: realtimestt - DEBUG - Receive from parent_transcription_pipe after sendiung transcription request, transcribe_count: 1
2026-09-14 16:59:16.669 - RealTimeSTT: realtimestt - DEBUG - Receive from parent_transcription_pipe after sendiung transcription request, transcribe_count: 1
2026-09-14 16:59:16.780 - RealTimeSTT: realtimestt - DEBUG - Receive from parent_transcription_pipe after sendiung transcription request, transcribe_count: 1
2026-09-14 16:59:16.890 - RealTimeSTT: realtimestt - DEBUG - Receive from parent_transcription_pipe after sendiung transcription request, transcribe_count: 1
2026-09-14 16:59:17.000 - RealTimeSTT: realtimestt - DEBUG - Receive from parent_transcription_pipe after sendiung transcription request, transcribe_count: 1
2026-09-14 16:59:17.111 - RealTimeSTT: realtimestt - DEBUG - Receive from parent_transcription_pipe after sendiung transcription request, transcribe_count: 1
2026-09-14 16:59:17.162 - RealTimeSTT: realtimestt - INFO - State changed from 'transcribing' to 'inactive'
2026-09-14 16:59:17.162 - RealTimeSTT: realtimestt - DEBUG - Model small completed transcription in 1.61 seconds
2026-09-14 16:59:17.164 - RealTimeSTT: realtimestt - INFO - Setting listen time
2026-09-14 16:59:17.164 - RealTimeSTT: realtimestt - INFO - State changed from 'inactive' to 'listening'
2026-09-14 16:59:17.164 - RealTimeSTT: realtimestt - DEBUG - Waiting for recording start
2026-09-14 16:59:18.056 - RealTimeSTT: realtimestt - INFO - voice activity detected
2026-09-14 16:59:18.056 - RealTimeSTT: realtimestt - INFO - recording started
2026-09-14 16:59:18.056 - RealTimeSTT: realtimestt - INFO - State changed from 'listening' to 'recording'
2026-09-14 16:59:18.056 - RealTimeSTT: realtimestt - DEBUG - Waiting for recording stop
2026-09-14 16:59:21.254 - RealTimeSTT: realtimestt - INFO - recording stopped
2026-09-14 16:59:21.256 - RealTimeSTT: realtimestt - DEBUG - No samples removed, final audio length: 67584
2026-09-14 16:59:21.256 - RealTimeSTT: realtimestt - INFO - State changed from 'recording' to 'inactive'
2026-09-14 16:59:21.257 - RealTimeSTT: realtimestt - INFO - State changed from 'inactive' to 'transcribing'
2026-09-14 16:59:21.257 - RealTimeSTT: realtimestt - DEBUG - Adding transcription request, no early transcription started
2026-09-14 16:59:21.257 - RealTimeSTT: realtimestt - DEBUG - Receive from parent_transcription_pipe after sendiung transcription request, transcribe_count: 1
2026-09-14 16:59:21.368 - RealTimeSTT: realtimestt - DEBUG - Receive from parent_transcription_pipe after sendiung transcription request, transcribe_count: 1
2026-09-14 16:59:21.479 - RealTimeSTT: realtimestt - DEBUG - Receive from parent_transcription_pipe after sendiung transcription request, transcribe_count: 1
2026-09-14 16:59:21.589 - RealTimeSTT: realtimestt - DEBUG - Receive from parent_transcription_pipe after sendiung transcription request, transcribe_count: 1
2026-09-14 16:59:21.699 - RealTimeSTT: realtimestt - DEBUG - Receive from parent_transcription_pipe after sendiung transcription request, transcribe_count: 1
2026-09-14 16:59:21.810 - RealTimeSTT: realtimestt - DEBUG - Receive from parent_transcription_pipe after sendiung transcription request, transcribe_count: 1
2026-09-14 16:59:21.920 - RealTimeSTT: realtimestt - DEBUG - Receive from parent_transcription_pipe after sendiung transcription request, transcribe_count: 1
2026-09-14 16:59:22.030 - RealTimeSTT: realtimestt - DEBUG - Receive from parent_transcription_pipe after sendiung transcription request, transcribe_count: 1
2026-09-14 16:59:22.141 - RealTimeSTT: realtimestt - DEBUG - Receive from parent_transcription_pipe after sendiung transcription request, transcribe_count: 1
2026-09-14 16:59:22.251 - RealTimeSTT: realtimestt - DEBUG - Receive from parent_transcription_pipe after sendiung transcription request, transcribe_count: 1
2026-09-14 16:59:22.361 - RealTimeSTT: realtimestt - DEBUG - Receive from parent_transcription_pipe after sendiung transcription request, transcribe_count: 1
2026-09-14 16:59:22.470 - RealTimeSTT: realtimestt - DEBUG - Receive from parent_transcription_pipe after sendiung transcription request, transcribe_count: 1
2026-09-14 16:59:22.581 - RealTimeSTT: realtimestt - DEBUG - Receive from parent_transcription_pipe after sendiung transcription request, transcribe_count: 1
2026-09-14 16:59:22.692 - RealTimeSTT: realtimestt - DEBUG - Receive from parent_transcription_pipe after sendiung transcription request, transcribe_count: 1
2026-09-14 16:59:22.802 - RealTimeSTT: realtimestt - DEBUG - Receive from parent_transcription_pipe after sendiung transcription request, transcribe_count: 1
2026-09-14 16:59:22.847 - RealTimeSTT: realtimestt - INFO - State changed from 'transcribing' to 'inactive'
2026-09-14 16:59:22.848 - RealTimeSTT: realtimestt - DEBUG - Model small completed transcription in 1.59 seconds
2026-09-14 16:59:22.848 - RealTimeSTT: realtimestt - INFO - Setting listen time
2026-09-14 16:59:22.848 - RealTimeSTT: realtimestt - INFO - State changed from 'inactive' to 'listening'
2026-09-14 16:59:22.848 - RealTimeSTT: realtimestt - DEBUG - Waiting for recording start
2026-09-14 16:59:23.365 - RealTimeSTT: realtimestt - INFO - voice activity detected
2026-09-14 16:59:23.365 - RealTimeSTT: realtimestt - INFO - recording started
2026-09-14 16:59:23.366 - RealTimeSTT: realtimestt - INFO - State changed from 'listening' to 'recording'
2026-09-14 16:59:23.366 - RealTimeSTT: realtimestt - DEBUG - Waiting for recording stop
2026-09-14 16:59:26.376 - RealTimeSTT: realtimestt - INFO - recording stopped
2026-09-14 16:59:26.379 - RealTimeSTT: realtimestt - DEBUG - No samples removed, final audio length: 64512
2026-09-14 16:59:26.379 - RealTimeSTT: realtimestt - INFO - State changed from 'recording' to 'inactive'
2026-09-14 16:59:26.379 - RealTimeSTT: realtimestt - INFO - State changed from 'inactive' to 'transcribing'
2026-09-14 16:59:26.379 - RealTimeSTT: realtimestt - DEBUG - Adding transcription request, no early transcription started
2026-09-14 16:59:26.380 - RealTimeSTT: realtimestt - DEBUG - Receive from parent_transcription_pipe after sendiung transcription request, transcribe_count: 1
2026-09-14 16:59:26.494 - RealTimeSTT: realtimestt - DEBUG - Receive from parent_transcription_pipe after sendiung transcription request, transcribe_count: 1
2026-09-14 16:59:26.604 - RealTimeSTT: realtimestt - DEBUG - Receive from parent_transcription_pipe after sendiung transcription request, transcribe_count: 1
2026-09-14 16:59:26.716 - RealTimeSTT: realtimestt - DEBUG - Receive from parent_transcription_pipe after sendiung transcription request, transcribe_count: 1
2026-09-14 16:59:26.828 - RealTimeSTT: realtimestt - DEBUG - Receive from parent_transcription_pipe after sendiung transcription request, transcribe_count: 1
2026-09-14 16:59:26.937 - RealTimeSTT: realtimestt - DEBUG - Receive from parent_transcription_pipe after sendiung transcription request, transcribe_count: 1
2026-09-14 16:59:27.050 - RealTimeSTT: realtimestt - DEBUG - Receive from parent_transcription_pipe after sendiung transcription request, transcribe_count: 1
2026-09-14 16:59:27.159 - RealTimeSTT: realtimestt - DEBUG - Receive from parent_transcription_pipe after sendiung transcription request, transcribe_count: 1
2026-09-14 16:59:27.269 - RealTimeSTT: realtimestt - DEBUG - Receive from parent_transcription_pipe after sendiung transcription request, transcribe_count: 1
2026-09-14 16:59:27.378 - RealTimeSTT: realtimestt - DEBUG - Receive from parent_transcription_pipe after sendiung transcription request, transcribe_count: 1
2026-09-14 16:59:27.488 - RealTimeSTT: realtimestt - DEBUG - Receive from parent_transcription_pipe after sendiung transcription request, transcribe_count: 1
2026-09-14 16:59:27.599 - RealTimeSTT: realtimestt - DEBUG - Receive from parent_transcription_pipe after sendiung transcription request, transcribe_count: 1
2026-09-14 16:59:27.708 - RealTimeSTT: realtimestt - DEBUG - Receive from parent_transcription_pipe after sendiung transcription request, transcribe_count: 1
2026-09-14 16:59:27.814 - RealTimeSTT: realtimestt - DEBUG - Receive from parent_transcription_pipe after sendiung transcription request, transcribe_count: 1
2026-09-14 16:59:27.923 - RealTimeSTT: realtimestt - DEBUG - Receive from parent_transcription_pipe after sendiung transcription request, transcribe_count: 1
2026-09-14 16:59:28.031 - RealTimeSTT: realtimestt - DEBUG - Receive from parent_transcription_pipe after sendiung transcription request, transcribe_count: 1
2026-09-14 16:59:28.067 - RealTimeSTT: realtimestt - INFO - State changed from 'transcribing' to 'inactive'
2026-09-14 16:59:28.067 - RealTimeSTT: realtimestt - DEBUG - Model small completed transcription in 1.69 seconds
2026-09-14 16:59:28.068 - RealTimeSTT: realtimestt - INFO - Setting listen time
2026-09-14 16:59:28.068 - RealTimeSTT: realtimestt - INFO - State changed from 'inactive' to 'listening'
2026-09-14 16:59:28.068 - RealTimeSTT: realtimestt - DEBUG - Waiting for recording start
2026-09-14 16:59:33.154 - RealTimeSTT: realtimestt - INFO - voice activity detected
2026-09-14 16:59:33.154 - RealTimeSTT: realtimestt - INFO - recording started
2026-09-14 16:59:33.154 - RealTimeSTT: realtimestt - INFO - State changed from 'listening' to 'recording'
2026-09-14 16:59:33.154 - RealTimeSTT: realtimestt - DEBUG - Waiting for recording stop
2026-09-14 16:59:34.504 - RealTimeSTT: realtimestt - INFO - recording stopped
2026-09-14 16:59:34.506 - RealTimeSTT: realtimestt - DEBUG - No samples removed, final audio length: 37888
2026-09-14 16:59:34.506 - RealTimeSTT: realtimestt - INFO - State changed from 'recording' to 'inactive'
2026-09-14 16:59:34.506 - RealTimeSTT: realtimestt - INFO - State changed from 'inactive' to 'transcribing'
2026-09-14 16:59:34.506 - RealTimeSTT: realtimestt - DEBUG - Adding transcription request, no early transcription started
2026-09-14 16:59:34.513 - RealTimeSTT: realtimestt - DEBUG - Receive from parent_transcription_pipe after sendiung transcription request, transcribe_count: 1
2026-09-14 16:59:34.619 - RealTimeSTT: realtimestt - DEBUG - Receive from parent_transcription_pipe after sendiung transcription request, transcribe_count: 1
2026-09-14 16:59:34.729 - RealTimeSTT: realtimestt - DEBUG - Receive from parent_transcription_pipe after sendiung transcription request, transcribe_count: 1
2026-09-14 16:59:34.840 - RealTimeSTT: realtimestt - DEBUG - Receive from parent_transcription_pipe after sendiung transcription request, transcribe_count: 1
2026-09-14 16:59:34.949 - RealTimeSTT: realtimestt - DEBUG - Receive from parent_transcription_pipe after sendiung transcription request, transcribe_count: 1
2026-09-14 16:59:35.060 - RealTimeSTT: realtimestt - DEBUG - Receive from parent_transcription_pipe after sendiung transcription request, transcribe_count: 1
2026-09-14 16:59:35.170 - RealTimeSTT: realtimestt - DEBUG - Receive from parent_transcription_pipe after sendiung transcription request, transcribe_count: 1
2026-09-14 16:59:35.280 - RealTimeSTT: realtimestt - DEBUG - Receive from parent_transcription_pipe after sendiung transcription request, transcribe_count: 1
2026-09-14 16:59:35.392 - RealTimeSTT: realtimestt - DEBUG - Receive from parent_transcription_pipe after sendiung transcription request, transcribe_count: 1
2026-09-14 16:59:35.501 - RealTimeSTT: realtimestt - DEBUG - Receive from parent_transcription_pipe after sendiung transcription request, transcribe_count: 1
2026-09-14 16:59:35.609 - RealTimeSTT: realtimestt - DEBUG - Receive from parent_transcription_pipe after sendiung transcription request, transcribe_count: 1
2026-09-14 16:59:35.720 - RealTimeSTT: realtimestt - DEBUG - Receive from parent_transcription_pipe after sendiung transcription request, transcribe_count: 1
2026-09-14 16:59:35.830 - RealTimeSTT: realtimestt - DEBUG - Receive from parent_transcription_pipe after sendiung transcription request, transcribe_count: 1
2026-09-14 16:59:35.942 - RealTimeSTT: realtimestt - DEBUG - Receive from parent_transcription_pipe after sendiung transcription request, transcribe_count: 1
2026-09-14 16:59:35.994 - RealTimeSTT: realtimestt - INFO - State changed from 'transcribing' to 'inactive'
2026-09-14 16:59:35.996 - RealTimeSTT: realtimestt - DEBUG - Model small completed transcription in 1.49 seconds
2026-09-14 16:59:35.996 - RealTimeSTT: realtimestt - INFO - Setting listen time
2026-09-14 16:59:35.996 - RealTimeSTT: realtimestt - INFO - State changed from 'inactive' to 'listening'
2026-09-14 16:59:35.996 - RealTimeSTT: realtimestt - DEBUG - Waiting for recording start
2026-09-14 16:59:36.424 - RealTimeSTT: realtimestt - INFO - voice activity detected
2026-09-14 16:59:36.424 - RealTimeSTT: realtimestt - INFO - recording started
2026-09-14 16:59:36.424 - RealTimeSTT: realtimestt - INFO - State changed from 'listening' to 'recording'
2026-09-14 16:59:36.426 - RealTimeSTT: realtimestt - DEBUG - Waiting for recording stop
2026-09-14 16:59:39.626 - RealTimeSTT: realtimestt - INFO - recording stopped
2026-09-14 16:59:39.628 - RealTimeSTT: realtimestt - DEBUG - No samples removed, final audio length: 67584
2026-09-14 16:59:39.628 - RealTimeSTT: realtimestt - INFO - State changed from 'recording' to 'inactive'
2026-09-14 16:59:39.628 - RealTimeSTT: realtimestt - INFO - State changed from 'inactive' to 'transcribing'
2026-09-14 16:59:39.629 - RealTimeSTT: realtimestt - DEBUG - Adding transcription request, no early transcription started
2026-09-14 16:59:39.637 - RealTimeSTT: realtimestt - DEBUG - Receive from parent_transcription_pipe after sendiung transcription request, transcribe_count: 1
2026-09-14 16:59:39.744 - RealTimeSTT: realtimestt - DEBUG - Receive from parent_transcription_pipe after sendiung transcription request, transcribe_count: 1
2026-09-14 16:59:39.852 - RealTimeSTT: realtimestt - DEBUG - Receive from parent_transcription_pipe after sendiung transcription request, transcribe_count: 1
2026-09-14 16:59:39.962 - RealTimeSTT: realtimestt - DEBUG - Receive from parent_transcription_pipe after sendiung transcription request, transcribe_count: 1
2026-09-14 16:59:40.073 - RealTimeSTT: realtimestt - DEBUG - Receive from parent_transcription_pipe after sendiung transcription request, transcribe_count: 1
2026-09-14 16:59:40.183 - RealTimeSTT: realtimestt - DEBUG - Receive from parent_transcription_pipe after sendiung transcription request, transcribe_count: 1
2026-09-14 16:59:40.293 - RealTimeSTT: realtimestt - DEBUG - Receive from parent_transcription_pipe after sendiung transcription request, transcribe_count: 1
2026-09-14 16:59:40.403 - RealTimeSTT: realtimestt - DEBUG - Receive from parent_transcription_pipe after sendiung transcription request, transcribe_count: 1
2026-09-14 16:59:40.514 - RealTimeSTT: realtimestt - DEBUG - Receive from parent_transcription_pipe after sendiung transcription request, transcribe_count: 1
2026-09-14 16:59:40.625 - RealTimeSTT: realtimestt - DEBUG - Receive from parent_transcription_pipe after sendiung transcription request, transcribe_count: 1
2026-09-14 16:59:40.736 - RealTimeSTT: realtimestt - DEBUG - Receive from parent_transcription_pipe after sendiung transcription request, transcribe_count: 1
2026-09-14 16:59:40.846 - RealTimeSTT: realtimestt - DEBUG - Receive from parent_transcription_pipe after sendiung transcription request, transcribe_count: 1
2026-09-14 16:59:40.956 - RealTimeSTT: realtimestt - DEBUG - Receive from parent_transcription_pipe after sendiung transcription request, transcribe_count: 1
2026-09-14 16:59:41.066 - RealTimeSTT: realtimestt - DEBUG - Receive from parent_transcription_pipe after sendiung transcription request, transcribe_count: 1
2026-09-14 16:59:41.177 - RealTimeSTT: realtimestt - DEBUG - Receive from parent_transcription_pipe after sendiung transcription request, transcribe_count: 1
2026-09-14 16:59:41.288 - RealTimeSTT: realtimestt - DEBUG - Receive from parent_transcription_pipe after sendiung transcription request, transcribe_count: 1
2026-09-14 16:59:41.294 - RealTimeSTT: realtimestt - INFO - State changed from 'transcribing' to 'inactive'
2026-09-14 16:59:41.296 - RealTimeSTT: realtimestt - DEBUG - Model small completed transcription in 1.67 seconds
2026-09-14 16:59:41.296 - RealTimeSTT: realtimestt - INFO - Setting listen time
2026-09-14 16:59:41.296 - RealTimeSTT: realtimestt - INFO - State changed from 'inactive' to 'listening'
2026-09-14 16:59:41.296 - RealTimeSTT: realtimestt - DEBUG - Waiting for recording start
2026-09-14 16:59:43.075 - RealTimeSTT: realtimestt - INFO - voice activity detected
2026-09-14 16:59:43.075 - RealTimeSTT: realtimestt - INFO - recording started
2026-09-14 16:59:43.075 - RealTimeSTT: realtimestt - INFO - State changed from 'listening' to 'recording'
2026-09-14 16:59:43.075 - RealTimeSTT: realtimestt - DEBUG - Waiting for recording stop
2026-09-14 16:59:46.665 - RealTimeSTT: realtimestt - INFO - recording stopped
2026-09-14 16:59:46.666 - RealTimeSTT: realtimestt - DEBUG - No samples removed, final audio length: 73728
2026-09-14 16:59:46.666 - RealTimeSTT: realtimestt - INFO - State changed from 'recording' to 'inactive'
2026-09-14 16:59:46.666 - RealTimeSTT: realtimestt - INFO - State changed from 'inactive' to 'transcribing'
2026-09-14 16:59:46.666 - RealTimeSTT: realtimestt - DEBUG - Adding transcription request, no early transcription started
2026-09-14 16:59:46.667 - RealTimeSTT: realtimestt - DEBUG - Receive from parent_transcription_pipe after sendiung transcription request, transcribe_count: 1
2026-09-14 16:59:46.771 - RealTimeSTT: realtimestt - DEBUG - Receive from parent_transcription_pipe after sendiung transcription request, transcribe_count: 1
2026-09-14 16:59:46.880 - RealTimeSTT: realtimestt - DEBUG - Receive from parent_transcription_pipe after sendiung transcription request, transcribe_count: 1
2026-09-14 16:59:46.988 - RealTimeSTT: realtimestt - DEBUG - Receive from parent_transcription_pipe after sendiung transcription request, transcribe_count: 1
2026-09-14 16:59:47.097 - RealTimeSTT: realtimestt - DEBUG - Receive from parent_transcription_pipe after sendiung transcription request, transcribe_count: 1
2026-09-14 16:59:47.208 - RealTimeSTT: realtimestt - DEBUG - Receive from parent_transcription_pipe after sendiung transcription request, transcribe_count: 1
2026-09-14 16:59:47.319 - RealTimeSTT: realtimestt - DEBUG - Receive from parent_transcription_pipe after sendiung transcription request, transcribe_count: 1
2026-09-14 16:59:47.430 - RealTimeSTT: realtimestt - DEBUG - Receive from parent_transcription_pipe after sendiung transcription request, transcribe_count: 1
2026-09-14 16:59:47.542 - RealTimeSTT: realtimestt - DEBUG - Receive from parent_transcription_pipe after sendiung transcription request, transcribe_count: 1
2026-09-14 16:59:47.651 - RealTimeSTT: realtimestt - DEBUG - Receive from parent_transcription_pipe after sendiung transcription request, transcribe_count: 1
2026-09-14 16:59:47.761 - RealTimeSTT: realtimestt - DEBUG - Receive from parent_transcription_pipe after sendiung transcription request, transcribe_count: 1
2026-09-14 16:59:47.872 - RealTimeSTT: realtimestt - DEBUG - Receive from parent_transcription_pipe after sendiung transcription request, transcribe_count: 1
2026-09-14 16:59:47.982 - RealTimeSTT: realtimestt - DEBUG - Receive from parent_transcription_pipe after sendiung transcription request, transcribe_count: 1
2026-09-14 16:59:48.091 - RealTimeSTT: realtimestt - DEBUG - Receive from parent_transcription_pipe after sendiung transcription request, transcribe_count: 1
2026-09-14 16:59:48.198 - RealTimeSTT: realtimestt - DEBUG - Receive from parent_transcription_pipe after sendiung transcription request, transcribe_count: 1
2026-09-14 16:59:48.308 - RealTimeSTT: realtimestt - DEBUG - Receive from parent_transcription_pipe after sendiung transcription request, transcribe_count: 1
2026-09-14 16:59:48.322 - RealTimeSTT: realtimestt - INFO - State changed from 'transcribing' to 'inactive'
2026-09-14 16:59:48.323 - RealTimeSTT: realtimestt - DEBUG - Model small completed transcription in 1.66 seconds
2026-09-14 16:59:48.323 - RealTimeSTT: realtimestt - INFO - Setting listen time
2026-09-14 16:59:48.323 - RealTimeSTT: realtimestt - INFO - State changed from 'inactive' to 'listening'
2026-09-14 16:59:48.324 - RealTimeSTT: realtimestt - DEBUG - Waiting for recording start
2026-09-14 16:59:48.716 - RealTimeSTT: realtimestt - INFO - voice activity detected
2026-09-14 16:59:48.716 - RealTimeSTT: realtimestt - INFO - recording started
2026-09-14 16:59:48.716 - RealTimeSTT: realtimestt - INFO - State changed from 'listening' to 'recording'
2026-09-14 16:59:48.716 - RealTimeSTT: realtimestt - DEBUG - Waiting for recording stop
2026-09-14 16:59:55.114 - RealTimeSTT: realtimestt - INFO - recording stopped
2026-09-14 16:59:55.115 - RealTimeSTT: realtimestt - DEBUG - No samples removed, final audio length: 118784
2026-09-14 16:59:55.115 - RealTimeSTT: realtimestt - INFO - State changed from 'recording' to 'inactive'
2026-09-14 16:59:55.115 - RealTimeSTT: realtimestt - INFO - State changed from 'inactive' to 'transcribing'
2026-09-14 16:59:55.115 - RealTimeSTT: realtimestt - DEBUG - Adding transcription request, no early transcription started
2026-09-14 16:59:55.118 - RealTimeSTT: realtimestt - DEBUG - Receive from parent_transcription_pipe after sendiung transcription request, transcribe_count: 1
2026-09-14 16:59:55.223 - RealTimeSTT: realtimestt - DEBUG - Receive from parent_transcription_pipe after sendiung transcription request, transcribe_count: 1
2026-09-14 16:59:55.333 - RealTimeSTT: realtimestt - DEBUG - Receive from parent_transcription_pipe after sendiung transcription request, transcribe_count: 1
2026-09-14 16:59:55.442 - RealTimeSTT: realtimestt - DEBUG - Receive from parent_transcription_pipe after sendiung transcription request, transcribe_count: 1
2026-09-14 16:59:55.551 - RealTimeSTT: realtimestt - DEBUG - Receive from parent_transcription_pipe after sendiung transcription request, transcribe_count: 1
2026-09-14 16:59:55.661 - RealTimeSTT: realtimestt - DEBUG - Receive from parent_transcription_pipe after sendiung transcription request, transcribe_count: 1
2026-09-14 16:59:55.770 - RealTimeSTT: realtimestt - DEBUG - Receive from parent_transcription_pipe after sendiung transcription request, transcribe_count: 1
2026-09-14 16:59:55.879 - RealTimeSTT: realtimestt - DEBUG - Receive from parent_transcription_pipe after sendiung transcription request, transcribe_count: 1
2026-09-14 16:59:55.988 - RealTimeSTT: realtimestt - DEBUG - Receive from parent_transcription_pipe after sendiung transcription request, transcribe_count: 1
2026-09-14 16:59:56.098 - RealTimeSTT: realtimestt - DEBUG - Receive from parent_transcription_pipe after sendiung transcription request, transcribe_count: 1
2026-09-14 16:59:56.208 - RealTimeSTT: realtimestt - DEBUG - Receive from parent_transcription_pipe after sendiung transcription request, transcribe_count: 1
2026-09-14 16:59:56.317 - RealTimeSTT: realtimestt - DEBUG - Receive from parent_transcription_pipe after sendiung transcription request, transcribe_count: 1
2026-09-14 16:59:56.426 - RealTimeSTT: realtimestt - DEBUG - Receive from parent_transcription_pipe after sendiung transcription request, transcribe_count: 1
2026-09-14 16:59:56.535 - RealTimeSTT: realtimestt - DEBUG - Receive from parent_transcription_pipe after sendiung transcription request, transcribe_count: 1
2026-09-14 16:59:56.644 - RealTimeSTT: realtimestt - DEBUG - Receive from parent_transcription_pipe after sendiung transcription request, transcribe_count: 1
2026-09-14 16:59:56.752 - RealTimeSTT: realtimestt - DEBUG - Receive from parent_transcription_pipe after sendiung transcription request, transcribe_count: 1
2026-09-14 16:59:56.863 - RealTimeSTT: realtimestt - DEBUG - Receive from parent_transcription_pipe after sendiung transcription request, transcribe_count: 1
2026-09-14 16:59:56.971 - RealTimeSTT: realtimestt - DEBUG - Receive from parent_transcription_pipe after sendiung transcription request, transcribe_count: 1
2026-09-14 16:59:57.066 - RealTimeSTT: realtimestt - INFO - State changed from 'transcribing' to 'inactive'
2026-09-14 16:59:57.067 - RealTimeSTT: realtimestt - DEBUG - Model small completed transcription in 1.95 seconds
2026-09-14 16:59:57.067 - RealTimeSTT: realtimestt - INFO - Setting listen time
2026-09-14 16:59:57.067 - RealTimeSTT: realtimestt - INFO - State changed from 'inactive' to 'listening'
2026-09-14 16:59:57.067 - RealTimeSTT: realtimestt - DEBUG - Waiting for recording start
2026-09-14 16:59:57.794 - RealTimeSTT: realtimestt - INFO - voice activity detected
2026-09-14 16:59:57.796 - RealTimeSTT: realtimestt - INFO - recording started
2026-09-14 16:59:57.796 - RealTimeSTT: realtimestt - INFO - State changed from 'listening' to 'recording'
2026-09-14 16:59:57.796 - RealTimeSTT: realtimestt - DEBUG - Waiting for recording stop
2026-09-14 16:59:58.954 - RealTimeSTT: realtimestt - INFO - recording stopped
2026-09-14 16:59:58.954 - RealTimeSTT: realtimestt - DEBUG - No samples removed, final audio length: 34816
2026-09-14 16:59:58.954 - RealTimeSTT: realtimestt - INFO - State changed from 'recording' to 'inactive'
2026-09-14 16:59:58.954 - RealTimeSTT: realtimestt - INFO - State changed from 'inactive' to 'transcribing'
2026-09-14 16:59:58.954 - RealTimeSTT: realtimestt - DEBUG - Adding transcription request, no early transcription started
2026-09-14 16:59:58.955 - RealTimeSTT: realtimestt - DEBUG - Receive from parent_transcription_pipe after sendiung transcription request, transcribe_count: 1
2026-09-14 16:59:59.065 - RealTimeSTT: realtimestt - DEBUG - Receive from parent_transcription_pipe after sendiung transcription request, transcribe_count: 1
2026-09-14 16:59:59.174 - RealTimeSTT: realtimestt - DEBUG - Receive from parent_transcription_pipe after sendiung transcription request, transcribe_count: 1
2026-09-14 16:59:59.286 - RealTimeSTT: realtimestt - DEBUG - Receive from parent_transcription_pipe after sendiung transcription request, transcribe_count: 1
2026-09-14 16:59:59.396 - RealTimeSTT: realtimestt - DEBUG - Receive from parent_transcription_pipe after sendiung transcription request, transcribe_count: 1
2026-09-14 16:59:59.507 - RealTimeSTT: realtimestt - DEBUG - Receive from parent_transcription_pipe after sendiung transcription request, transcribe_count: 1
2026-09-14 16:59:59.617 - RealTimeSTT: realtimestt - DEBUG - Receive from parent_transcription_pipe after sendiung transcription request, transcribe_count: 1
2026-09-14 16:59:59.727 - RealTimeSTT: realtimestt - DEBUG - Receive from parent_transcription_pipe after sendiung transcription request, transcribe_count: 1
2026-09-14 16:59:59.836 - RealTimeSTT: realtimestt - DEBUG - Receive from parent_transcription_pipe after sendiung transcription request, transcribe_count: 1
2026-09-14 16:59:59.944 - RealTimeSTT: realtimestt - DEBUG - Receive from parent_transcription_pipe after sendiung transcription request, transcribe_count: 1
2026-09-14 17:00:00.054 - RealTimeSTT: realtimestt - DEBUG - Receive from parent_transcription_pipe after sendiung transcription request, transcribe_count: 1
2026-09-14 17:00:00.162 - RealTimeSTT: realtimestt - DEBUG - Receive from parent_transcription_pipe after sendiung transcription request, transcribe_count: 1
2026-09-14 17:00:00.272 - RealTimeSTT: realtimestt - DEBUG - Receive from parent_transcription_pipe after sendiung transcription request, transcribe_count: 1
2026-09-14 17:00:00.381 - RealTimeSTT: realtimestt - DEBUG - Receive from parent_transcription_pipe after sendiung transcription request, transcribe_count: 1
2026-09-14 17:00:00.490 - RealTimeSTT: realtimestt - DEBUG - Receive from parent_transcription_pipe after sendiung transcription request, transcribe_count: 1
2026-09-14 17:00:00.536 - RealTimeSTT: realtimestt - INFO - State changed from 'transcribing' to 'inactive'
2026-09-14 17:00:00.537 - RealTimeSTT: realtimestt - DEBUG - Model small completed transcription in 1.58 seconds
2026-09-14 17:00:00.537 - RealTimeSTT: realtimestt - INFO - Setting listen time
2026-09-14 17:00:00.537 - RealTimeSTT: realtimestt - INFO - State changed from 'inactive' to 'listening'
2026-09-14 17:00:00.537 - RealTimeSTT: realtimestt - DEBUG - Waiting for recording start
2026-09-14 17:00:01.834 - RealTimeSTT: realtimestt - INFO - voice activity detected
2026-09-14 17:00:01.834 - RealTimeSTT: realtimestt - INFO - recording started
2026-09-14 17:00:01.834 - RealTimeSTT: realtimestt - INFO - State changed from 'listening' to 'recording'
2026-09-14 17:00:01.835 - RealTimeSTT: realtimestt - DEBUG - Waiting for recording stop
2026-09-14 17:00:04.455 - RealTimeSTT: realtimestt - INFO - recording stopped
2026-09-14 17:00:04.456 - RealTimeSTT: realtimestt - DEBUG - No samples removed, final audio length: 58368
2026-09-14 17:00:04.456 - RealTimeSTT: realtimestt - INFO - State changed from 'recording' to 'inactive'
2026-09-14 17:00:04.456 - RealTimeSTT: realtimestt - INFO - State changed from 'inactive' to 'transcribing'
2026-09-14 17:00:04.456 - RealTimeSTT: realtimestt - DEBUG - Adding transcription request, no early transcription started
2026-09-14 17:00:04.463 - RealTimeSTT: realtimestt - DEBUG - Receive from parent_transcription_pipe after sendiung transcription request, transcribe_count: 1
2026-09-14 17:00:04.568 - RealTimeSTT: realtimestt - DEBUG - Receive from parent_transcription_pipe after sendiung transcription request, transcribe_count: 1
2026-09-14 17:00:04.679 - RealTimeSTT: realtimestt - DEBUG - Receive from parent_transcription_pipe after sendiung transcription request, transcribe_count: 1
2026-09-14 17:00:04.790 - RealTimeSTT: realtimestt - DEBUG - Receive from parent_transcription_pipe after sendiung transcription request, transcribe_count: 1
2026-09-14 17:00:04.900 - RealTimeSTT: realtimestt - DEBUG - Receive from parent_transcription_pipe after sendiung transcription request, transcribe_count: 1
2026-09-14 17:00:05.010 - RealTimeSTT: realtimestt - DEBUG - Receive from parent_transcription_pipe after sendiung transcription request, transcribe_count: 1
2026-09-14 17:00:05.122 - RealTimeSTT: realtimestt - DEBUG - Receive from parent_transcription_pipe after sendiung transcription request, transcribe_count: 1
2026-09-14 17:00:05.232 - RealTimeSTT: realtimestt - DEBUG - Receive from parent_transcription_pipe after sendiung transcription request, transcribe_count: 1
2026-09-14 17:00:05.343 - RealTimeSTT: realtimestt - DEBUG - Receive from parent_transcription_pipe after sendiung transcription request, transcribe_count: 1
2026-09-14 17:00:05.452 - RealTimeSTT: realtimestt - DEBUG - Receive from parent_transcription_pipe after sendiung transcription request, transcribe_count: 1
2026-09-14 17:00:05.563 - RealTimeSTT: realtimestt - DEBUG - Receive from parent_transcription_pipe after sendiung transcription request, transcribe_count: 1
2026-09-14 17:00:05.674 - RealTimeSTT: realtimestt - DEBUG - Receive from parent_transcription_pipe after sendiung transcription request, transcribe_count: 1
2026-09-14 17:00:05.784 - RealTimeSTT: realtimestt - DEBUG - Receive from parent_transcription_pipe after sendiung transcription request, transcribe_count: 1
2026-09-14 17:00:05.894 - RealTimeSTT: realtimestt - DEBUG - Receive from parent_transcription_pipe after sendiung transcription request, transcribe_count: 1
2026-09-14 17:00:06.004 - RealTimeSTT: realtimestt - DEBUG - Receive from parent_transcription_pipe after sendiung transcription request, transcribe_count: 1
2026-09-14 17:00:06.090 - RealTimeSTT: realtimestt - INFO - State changed from 'transcribing' to 'inactive'
2026-09-14 17:00:06.090 - RealTimeSTT: realtimestt - DEBUG - Model small completed transcription in 1.63 seconds
2026-09-14 17:00:06.091 - RealTimeSTT: realtimestt - INFO - Setting listen time
2026-09-14 17:00:06.091 - RealTimeSTT: realtimestt - INFO - State changed from 'inactive' to 'listening'
2026-09-14 17:00:06.091 - RealTimeSTT: realtimestt - DEBUG - Waiting for recording start
2026-09-14 17:00:13.908 - RealTimeSTT: realtimestt - INFO - KeyboardInterrupt in wait_audio, shutting down
2026-09-14 17:00:13.908 - RealTimeSTT: realtimestt - DEBUG - Finishing recording thread
2026-09-14 17:00:13.923 - RealTimeSTT: realtimestt - DEBUG - Terminating reader process
2026-09-14 17:00:14.322 - RealTimeSTT: realtimestt - DEBUG - Terminating transcription process
2026-09-14 17:00:14.420 - RealTimeSTT: realtimestt - DEBUG - Finishing realtime thread
2026-09-14 17:00:14.470 - RealTimeSTT: realtimestt - INFO - KeyboardInterrupt in text() method
